id	filename	md5	size	state
bf9aa9b4-8c6e-4d64-a8fa-36edc08cbdd3	nationwidechildrens.org_clinical.TCGA-V1-A9ZK.xml	a8caf958a57f3293c88a94c2e39d83a2	32505	live
83281146-0cde-41b6-9ceb-6c9f58c16038	nationwidechildrens.org_clinical.TCGA-CH-5788.xml	303e50f7dd87f8f8c766b9d93511d9c8	42006	live
9bf36164-3bf2-489b-ae44-08bba3ddff22	nationwidechildrens.org_clinical.TCGA-V1-A9Z8.xml	0c925188ccd356ef9137d25d1f21dd18	32474	live
cab4b30a-ef62-409d-aba7-3caeebeced55	nationwidechildrens.org_clinical.TCGA-HC-A8CY.xml	d464743e8170429fc1997d312d6fc29b	21730	live
81a09f43-a9a6-42bd-8b12-41e56b4fe940	nationwidechildrens.org_clinical.TCGA-Y6-A9XI.xml	2f605eced7b2fc642132172ed5c32105	30033	live
aec2a281-5bba-4ba4-8987-67cba15b31ae	nationwidechildrens.org_clinical.TCGA-EJ-5496.xml	d047d0b2d232dba2d2eb549fe2c7d5e9	38919	live
295dc46d-8534-4d47-a827-6e84316e928b	nationwidechildrens.org_clinical.TCGA-VP-A879.xml	9e641fe116adc6f89b9ac69fd5a753e0	30556	live
4e31f6fc-7765-4c25-a034-25bbb840c14e	nationwidechildrens.org_clinical.TCGA-J4-A67N.xml	58d53f1e5dc551f81bc420a75e5476b7	33221	live
87ecc2f5-9017-4f73-923d-9ce15202a737	nationwidechildrens.org_clinical.TCGA-V1-A9OA.xml	f7481f6c31b731d9c6e02b5bc4afd40f	32555	live
3af33fca-10a0-4a6f-8ed1-389aee8f8d4a	nationwidechildrens.org_clinical.TCGA-CH-5792.xml	40cb281ab5c1bc5cc698eeab91fe3543	21683	live
8bce7381-4d4d-407e-9fca-2388b664ce22	nationwidechildrens.org_clinical.TCGA-HC-8265.xml	f13156ac890fa7956515d89d10f0d060	34559	live
7224a7f5-1ba5-4dac-b6f5-e40418c9a141	nationwidechildrens.org_clinical.TCGA-XK-AAJU.xml	d71d0c223ecf637e6c829aa8a0d06c9a	30751	live
f41413d0-fcd7-465f-af5f-0e04d147774b	nationwidechildrens.org_clinical.TCGA-YL-A8SH.xml	b14a2f6b94d9b86e8aae300d3ff40db3	22342	live
9638186e-c3d2-4f62-9fb9-479509a5c1d7	nationwidechildrens.org_clinical.TCGA-X4-A8KS.xml	b991a289ecfcce8a083d58df82ff0856	30000	live
b2ed3c7d-510d-4e0f-b8a6-fc854f16130b	nationwidechildrens.org_clinical.TCGA-M7-A71Z.xml	8cfc38e3d6eda9b7d186a798e59c1d21	30398	live
53dc4989-6446-47bd-924e-6603a798537b	nationwidechildrens.org_clinical.TCGA-KK-A8IG.xml	13f88e9f64404702493f2a1a1d7ccde8	30624	live
36e6f14f-a4de-4a09-9249-2007788fcdeb	nationwidechildrens.org_clinical.TCGA-FC-A5OB.xml	9a5267b265c64dc7dfb6fb7615c06c8e	45457	live
d87771e6-2ef3-4244-8b78-b8aabeaa3ffe	nationwidechildrens.org_clinical.TCGA-EJ-A7NG.xml	1256ef87522351036c8b12d798c4e554	30055	live
e0fd410b-c7f4-4edf-84da-ab419487d58b	nationwidechildrens.org_clinical.TCGA-J4-AATZ.xml	bdf6c2bda951387b5bf8e22b7b08cf92	35093	live
80207b43-d873-4f8c-a687-53930ca24f97	nationwidechildrens.org_clinical.TCGA-HC-A6AL.xml	6020c389b4e513aff56d972ef433c1ed	21587	live
23f0e54c-61b1-44ea-b980-8fd5fa8f5d05	nationwidechildrens.org_clinical.TCGA-WW-A8ZI.xml	0600a7869158c24a5c30a092f9755f53	30364	live
45d2d845-06e2-4a14-ba40-699ff91149f7	nationwidechildrens.org_clinical.TCGA-HC-8266.xml	ed397e29ad64d2fb858299e13b8feb9f	29516	live
179cfe78-2210-4499-a813-7d701f53fb57	nationwidechildrens.org_clinical.TCGA-HC-7737.xml	eebb979d7799d7fac9f73ffd00173909	30216	live
75796fc5-8a6d-4b92-a804-cb25f2c81b9a	nationwidechildrens.org_clinical.TCGA-EJ-A8FU.xml	dc253c870c3715339e139de9f12ac26e	29981	live
42022243-707c-4e11-bb29-30098ccd8f78	nationwidechildrens.org_clinical.TCGA-YL-A9WY.xml	a0ff74874d788fc408c9fcfbde850261	53865	live
3522d771-c187-4cab-866d-4c6831c0457c	nationwidechildrens.org_clinical.TCGA-HC-7820.xml	659314fbade5301873afe4dd1869bd45	29749	live
2beb8f85-ef19-4e25-b0cb-2cb4f25a2b7e	nationwidechildrens.org_clinical.TCGA-ZG-A9L1.xml	2ea5c534b8dff90673334505bf1a9b04	37663	live
e16ef6c4-f340-4ab7-9440-75146d48a083	nationwidechildrens.org_clinical.TCGA-CH-5764.xml	b2c398f974ad087a73af4c71c72b51ba	21851	live
6cacd438-7912-464e-a93a-c345c31c6886	nationwidechildrens.org_clinical.TCGA-CH-5762.xml	358e90a9ecb8cc19a94ea75a3c66399b	30264	live
cfffd45c-ab1e-42e6-93c8-201b9a7ad514	nationwidechildrens.org_clinical.TCGA-J9-A8CL.xml	ddf39cb0a61cc77824f5c994568d81bf	24710	live
4ea27ad0-6ed6-41f4-8613-06e6077cfc91	nationwidechildrens.org_clinical.TCGA-HC-7077.xml	f2be0865f1924b762cc5655872a06798	30049	live
f485bbf2-0e75-44e5-80f7-6b92fa00f279	nationwidechildrens.org_clinical.TCGA-HC-A9TE.xml	c5fb42161d80757a270de34607c1568c	41925	live
932f0438-d061-45d3-b636-5e58f915a4be	nationwidechildrens.org_clinical.TCGA-XQ-A8TA.xml	1416f8a63769459d6711c90b2e1a38ba	32784	live
2f08244c-e118-4548-a2a0-2a923023c810	nationwidechildrens.org_clinical.TCGA-EJ-A46H.xml	50c9b995e39a3a14447690911e5cdd01	30114	live
a265ae0e-775c-458b-a909-dd4ba6e6106c	nationwidechildrens.org_clinical.TCGA-VP-A872.xml	e304178e0925404d35bf08fba19f0666	30685	live
84b8a096-e847-4031-81f2-3133812e5869	nationwidechildrens.org_clinical.TCGA-HC-8259.xml	c0f54d9a2e568f0b5d8fde3dfd12d157	29954	live
3d12d253-9af1-4766-9b96-19404c1b5b4f	nationwidechildrens.org_clinical.TCGA-EJ-7321.xml	21b71c936aa5bdc6dd94e3f0abf2e524	30186	live
b7b23229-3873-491d-865a-5bcfe75d6709	nationwidechildrens.org_clinical.TCGA-KK-A6E0.xml	95db550cc07ccf964a744829993e7c9a	55357	live
75021642-dc92-4266-bd7f-d691e94a0ae6	nationwidechildrens.org_clinical.TCGA-FC-A66V.xml	4a79dce8e3a486c748cee1c14268a72c	30627	live
de588a52-d011-4233-8327-e9c27b10b925	nationwidechildrens.org_clinical.TCGA-G9-6496.xml	b36938693c315e2260d61b107c1107e6	30539	live
5e1a18df-6aa5-4944-aad1-881f62f003ab	nationwidechildrens.org_clinical.TCGA-KK-A6E5.xml	4ee8d36a2128af776394f853ed180ab9	30918	live
697a8b1e-1228-4f48-8633-ac9f781766eb	nationwidechildrens.org_clinical.TCGA-EJ-A65J.xml	714c67552cf6fb8a44c1e313f1360012	30084	live
1a92c60b-4f75-4909-a5f0-4a3abad23275	nationwidechildrens.org_clinical.TCGA-HC-7745.xml	d3c5b4e5c5a1c8715061ec344bab5e28	29935	live
6b8b21c3-4ed0-45fd-add5-73b553fe3b00	nationwidechildrens.org_clinical.TCGA-ZG-A9L0.xml	8ad68c30103b99e6a8f9bd9be338e87a	30624	live
f1f8f9ae-ad7f-4656-ac05-b6bcf05f64ff	nationwidechildrens.org_clinical.TCGA-KK-A8IJ.xml	2e10681580cea50bc98e5a0e1bfe5217	24941	live
edeae3e7-bc04-4172-8189-7f5abce45187	nationwidechildrens.org_clinical.TCGA-FC-7708.xml	1f749ecaf1fd86107b1890b0578b9ad2	30261	live
bda3ab3c-8bd6-413c-83a0-3fc764658d57	nationwidechildrens.org_clinical.TCGA-J9-A52C.xml	75d21f59c120cd66f5e3e63922a177fe	22290	live
96a6cd98-15c2-4024-969e-07a7dc1345be	nationwidechildrens.org_clinical.TCGA-J4-A67T.xml	7cbb0b69220fa9b97620212efbfe89c0	30151	live
dfc58c62-ffe2-4d9d-9944-8cd4a96bb275	nationwidechildrens.org_clinical.TCGA-EJ-5542.xml	1d3a952af80b397b145499c7b1e48d9c	39182	live
641da933-e042-40ea-a8b0-26520fc45376	nationwidechildrens.org_clinical.TCGA-KK-A8I7.xml	41b161d7c677f53a4e1189bb15ae6f32	50037	live
d38d735e-e4ea-4d6d-be62-d8eebe533607	nationwidechildrens.org_clinical.TCGA-J4-A6G3.xml	358ba260f39acf82e5a4d93576c73579	41282	live
a65f2c71-9b82-4dcb-b93e-f35a7bec9764	nationwidechildrens.org_clinical.TCGA-CH-5769.xml	de4a73c94c6a4f266ca3993d4ced09f9	21812	live
5ec7442d-90b2-4883-a053-ac3c6ddbac34	nationwidechildrens.org_clinical.TCGA-G9-7523.xml	913b74928d318a9ea2240cb8a822ef63	30618	live
1ebbeeed-3e47-4d45-808d-8ff42ed63d1f	nationwidechildrens.org_clinical.TCGA-YL-A8SL.xml	c28804f915c939be5ba77c7e26211dc8	42571	live
a055cf3a-ced7-4bd3-bb70-df2b04310f87	nationwidechildrens.org_clinical.TCGA-EJ-5532.xml	b2013461fb0b23186777e75b6558aea0	38617	live
eea5b4c1-cddc-40aa-842c-09b759e52302	nationwidechildrens.org_clinical.TCGA-EJ-5522.xml	b28db4f13a3e164c01b7f10c176e349f	38910	live
3e142bde-4554-421a-adc6-cf724aae6cc1	nationwidechildrens.org_clinical.TCGA-2A-A8VV.xml	0d45241d2eac0618df03948aaff0bb4c	30500	live
a5c7b8ba-314e-41fa-8bf6-4936b4835eb3	nationwidechildrens.org_clinical.TCGA-KK-A7AV.xml	f5bf814206475900fd23231f04b7e969	30790	live
55409a7e-d0ee-4750-94ed-1195bc67f196	nationwidechildrens.org_clinical.TCGA-KK-A59Z.xml	b540a6c0f9c2c8c98b0b1e77fb0fdcc1	30636	live
2ee41230-da7a-441e-801b-048153fee900	nationwidechildrens.org_clinical.TCGA-YL-A9WK.xml	61b520ddeef80982a1ef687d21fe2f05	65109	live
2818088f-dc9d-4196-80fb-745ec5fd83ba	nationwidechildrens.org_clinical.TCGA-G9-6366.xml	966853455a2d14aa91554135e66eef24	37794	live
c6d991c4-dbf5-4570-96d1-9e8633130f22	nationwidechildrens.org_clinical.TCGA-J4-A83N.xml	3d137d0f57ba1b8845f849863322facc	43605	live
96c263c9-ab50-453b-9084-b02a9d119c2b	nationwidechildrens.org_clinical.TCGA-V1-A8MK.xml	c2be635a549f02608cdfcdbc1b3bda2c	32419	live
bcd4caa1-ba34-459a-9ba0-ec2d0fa23bf2	nationwidechildrens.org_clinical.TCGA-EJ-7792.xml	aa9a32a3e2bb00d53fded37b9b7c6c3a	38606	live
5b73b30a-c7aa-4044-aabe-5d3e1a62863f	nationwidechildrens.org_clinical.TCGA-2A-A8VT.xml	60af90cf90d80ccb7ef9f6f61f4792b8	41309	live
f34a3210-b3ac-4eb1-8981-b1536b1345dc	nationwidechildrens.org_clinical.TCGA-G9-6362.xml	bf6a5a717a4dff9a7d8da3c8cd2b0796	38855	live
20acb397-ff5a-4d4b-9565-a1a5f2ad0148	nationwidechildrens.org_clinical.TCGA-KC-A7FD.xml	b69eb8755ca40bbc27895b92c05b6b7c	22482	live
b8ba5dba-c26b-47d1-831c-1310918fc5ae	nationwidechildrens.org_clinical.TCGA-V1-A8MF.xml	3c2690cde98f5acaffad3855b6c1dc39	32495	live
b6884768-0422-47b8-9852-fd8e5e5386e4	nationwidechildrens.org_clinical.TCGA-KK-A7AZ.xml	cbfde48770206316e4d118232f008747	30076	live
fbc2cc07-1b3b-40dc-a7c1-4e5e7f8a71e1	nationwidechildrens.org_clinical.TCGA-ZG-A9M4.xml	50896a9e6d36da4aefdfd64fb58dbb66	33274	live
7ecb0ff4-6980-4739-b36e-bdc20fc212b6	nationwidechildrens.org_clinical.TCGA-V1-A8MG.xml	bb879bc5904a5253e462518900a30eb9	30072	live
f525e0e7-6333-41f8-ad22-82e0aecc2030	nationwidechildrens.org_clinical.TCGA-V1-A8WL.xml	ab162285e19e0476477d9ca1b4ee4d3e	32496	live
4ec3b9e2-05a8-4c5b-947e-f283d3b90fba	nationwidechildrens.org_clinical.TCGA-VP-A878.xml	81b3c6a9c7603dd6c895358869f35752	45071	live
1f42cbcb-cfd1-4216-8beb-ac4928e61cc6	nationwidechildrens.org_clinical.TCGA-J4-8200.xml	05cfead0c6793000f154b589f4832b0c	38597	live
9f5d71bf-f676-4c22-a561-fb4b64063468	nationwidechildrens.org_clinical.TCGA-EJ-5511.xml	1e6108a6bb989125ecfbab1853aa9131	38973	live
7e6635da-ffde-4050-8bf8-d002c6203fbe	nationwidechildrens.org_clinical.TCGA-YL-A8SI.xml	2a9d7819487d1057d0c0c2eea40878c9	44079	live
95a7a2f0-42ae-4c91-8743-113c0b6e5d73	nationwidechildrens.org_clinical.TCGA-V1-A9Z7.xml	e5c6aa7547546aca830b3568be4c4d19	32581	live
88762291-5082-4354-b81c-93458e927426	nationwidechildrens.org_clinical.TCGA-J4-AAU2.xml	f52b30a9757e682fb33e55418cc1147a	29969	live
f184acb5-cc86-4c0b-8279-96a316d46bab	nationwidechildrens.org_clinical.TCGA-EJ-7325.xml	17ebd981ddf4e53dff546a3b4b2b1fce	30086	live
9da604e3-695f-411e-8df4-fad6170ed090	nationwidechildrens.org_clinical.TCGA-G9-6378.xml	8cc0131f03a165070a9c01e60da0d755	30462	live
2ebc99d7-486f-4535-a6a4-b931eeb455c0	nationwidechildrens.org_clinical.TCGA-HC-7817.xml	b1cf098d8d3c4d275419850933f90dfc	35286	live
42dac792-2473-4b6a-9240-d7897ac631e0	nationwidechildrens.org_clinical.TCGA-G9-7509.xml	03b506e481b731e28e0805e5002efd4f	30583	live
82e42a4d-f4c1-458d-b0a8-c50a1c8487ac	nationwidechildrens.org_clinical.TCGA-ZG-A8QX.xml	52c6313cfdba3315ac6fc251c52c4064	29839	live
2faa850e-e62d-4c29-a0a7-74a59af90be5	nationwidechildrens.org_clinical.TCGA-KK-A8IF.xml	9c5910f1cac01b4031b5c193db81625a	24642	live
05dfe558-71ea-4ca2-bc27-b673b3c168f3	nationwidechildrens.org_clinical.TCGA-VP-A87J.xml	3b742e045cfaf7efad744b219716237a	30600	live
ca6c4a0e-910a-4dcc-9ead-8ce656a64fa6	nationwidechildrens.org_clinical.TCGA-XK-AAK1.xml	2f809a7d2caf7b80b0ab5123291d0fe1	30779	live
b4bf9be4-3761-4e7b-a17e-d1e2b96d7568	nationwidechildrens.org_clinical.TCGA-EJ-7312.xml	841e7ab5d76f6fabe9c7a034b7645cba	30086	live
e28518a1-aa8b-4efc-be9b-e82b29ca8a13	nationwidechildrens.org_clinical.TCGA-HC-A6AO.xml	4e25f85b864b69e58f0bccfbe0dcd43a	29896	live
afd20f0f-562d-42ae-8fe1-020ea0f939ed	nationwidechildrens.org_clinical.TCGA-EJ-7125.xml	2028d59aeaf7112a0c3e828ae69829a7	30442	live
75873a68-53e7-44fb-b7e9-ddd984177947	nationwidechildrens.org_clinical.TCGA-HC-A6HX.xml	207d09ec9c3666d3c843a72e60eb2411	21407	live
ae9c9b47-965f-4333-851b-69455d896665	nationwidechildrens.org_clinical.TCGA-VP-AA1N.xml	d120478a2ddf2b592f2c5f5d6c1a4343	35339	live
3b07a058-d95f-480e-a02f-cf3667071782	nationwidechildrens.org_clinical.TCGA-HC-7230.xml	f6a302e6a8ebb64e5526df4f726155de	29845	live
521f4221-3559-4ba7-8b11-a0bd3c0bb38e	nationwidechildrens.org_clinical.TCGA-KK-A7AQ.xml	b871f9efd89fb82022d5887ee401e798	44609	live
4a80676d-4cf6-447f-933f-880c592868bd	nationwidechildrens.org_clinical.TCGA-EJ-A65M.xml	98906dfcbd1d5ba7ff5a419b052f7562	30043	live
c4faad92-cba0-41fd-b9d6-30a266eed1d5	nationwidechildrens.org_clinical.TCGA-EJ-7315.xml	68ea3247fc1895e0440bf56585776e42	30595	live
aea5052d-a1e9-4e0b-8957-2176c1c1927e	nationwidechildrens.org_clinical.TCGA-J4-A83I.xml	49b4b81a9b7ac032740ef6161fb36cf7	30620	live
72c7b843-355b-42e0-a76e-2b0c50b5287b	nationwidechildrens.org_clinical.TCGA-HC-7748.xml	22d2e27ff5e7c39c9ea6a1865f911c06	29891	live
dec3fdbb-d6cf-4f7e-a6b7-32168711aa93	nationwidechildrens.org_clinical.TCGA-YL-A8SJ.xml	0350a6f189884713a0cf7768f784b781	37825	live
a94cb4de-f854-46fd-a0ba-6a0877179080	nationwidechildrens.org_clinical.TCGA-EJ-A46G.xml	c579fa318f21dcb8c3dd7681d243b954	30296	live
efa7f666-7623-44b8-aec0-98169bcaecca	nationwidechildrens.org_clinical.TCGA-XJ-A83H.xml	edcffa504cada941687d89b4d395ce64	29968	live
2b2ab36d-0f9c-4cd2-9855-1e15d89363d2	nationwidechildrens.org_clinical.TCGA-HC-A76W.xml	1fe96a7a1af31194bb9cf5f59943ea93	22207	live
3e96e2d9-1f45-48ad-a541-60eda8cc5ee5	nationwidechildrens.org_clinical.TCGA-HC-7233.xml	0022e0b9933f001bbbba34474f2b7c1f	29803	live
8aa98b27-04a7-4d38-af04-8d96d54413c8	nationwidechildrens.org_clinical.TCGA-HC-A8D1.xml	13e65f95853cfaef651e88cdde8ddff2	30069	live
44d9f0cd-18c9-4024-a80b-99efda176f83	nationwidechildrens.org_clinical.TCGA-KK-A7B0.xml	582f64c8dec06ed949009b09f32b2789	43701	live
0b248fda-50b3-4809-9788-ace9aa4ce052	nationwidechildrens.org_clinical.TCGA-EJ-A7NH.xml	0c25a48f7cc5536038374a03ac274f65	30016	live
81b76be3-634a-4957-b0c1-3832692ef90a	nationwidechildrens.org_clinical.TCGA-CH-5752.xml	c812307d04766f2d812859513ae27fc3	36186	live
cf847676-4ea3-49ec-941a-44eab589e055	nationwidechildrens.org_clinical.TCGA-EJ-7789.xml	1dc6f65b8e11a8e6977ac64aacc9a03e	38294	live
a31456d9-4fc6-450e-9e7b-ac0f32d0e04f	nationwidechildrens.org_clinical.TCGA-EJ-A7NK.xml	581729bd0fc9dfdd36f58d0ffc29dab4	30069	live
301a38ba-82b3-4314-b4f2-7cc84f33902c	nationwidechildrens.org_clinical.TCGA-KK-A8I8.xml	b8657f7ee49b60911d19e70b03f1ebe5	35491	live
d36891b8-5aff-49e9-8bc3-31e4dce3ef1e	nationwidechildrens.org_clinical.TCGA-EJ-AB27.xml	6aa9fb4ed6ffd3eaaccb62ad50b08188	30057	live
177037f0-a7de-4867-8be6-f998207cfda4	nationwidechildrens.org_clinical.TCGA-EJ-8469.xml	e4ba76a8af6d003f344a765561391718	33046	live
59c2285e-e730-43b0-bb7e-50f0b2ac71a6	nationwidechildrens.org_clinical.TCGA-G9-6498.xml	b0827c5c53d993d37a2bcf8db0965b38	37351	live
fa6af992-a7d6-4400-9bd2-62fcc1c7d1b2	nationwidechildrens.org_clinical.TCGA-EJ-5499.xml	920d28efb15a4be2fc0f44453f552aca	38839	live
696f9b9b-8ebb-4325-9c1e-444a6657e8fc	nationwidechildrens.org_clinical.TCGA-VN-A88M.xml	c4def79c64d6cc57952e2f669d67883d	29871	live
d4aca07b-70dc-4b37-b0bc-807850e984fb	nationwidechildrens.org_clinical.TCGA-CH-5791.xml	e3127496901f42b2b27d802036ba49ae	38551	live
4e031c11-bd85-47de-a6e2-1cd1a0b956b2	nationwidechildrens.org_clinical.TCGA-YL-A8SB.xml	1b637ef020d5a11a40a0c445dbddf1b0	61365	live
3e357e36-9fab-4858-82d1-01dd312770a0	nationwidechildrens.org_clinical.TCGA-YL-A8HJ.xml	8318e7b7e849f597e97b9a8c147dead2	49594	live
58c46d6c-98d9-4763-8c6a-f12960887986	nationwidechildrens.org_clinical.TCGA-J4-A6G1.xml	03174a5c94edabebe69c5857168a03e5	34833	live
58d2d4e3-c2ed-4789-9979-bd0ada0d2310	nationwidechildrens.org_clinical.TCGA-EJ-5515.xml	2d604d0be3b68c1da0389d42ba741506	39079	live
a5c271f4-e37a-408f-a250-b3b23603e015	nationwidechildrens.org_clinical.TCGA-QU-A6IL.xml	29e9ebc0c4b6d08184b3992fd995d49f	30314	live
05fb0976-ae1f-4670-899b-0ee9b564f11d	nationwidechildrens.org_clinical.TCGA-KK-A6DY.xml	6f97b85ae28d89c73b3c6d12ef9eaa86	30414	live
9ac7216e-581b-434e-b996-9e7dc1018eea	nationwidechildrens.org_clinical.TCGA-V1-A9OY.xml	6dd3b378e6d069b857bd438cbe265f5f	32425	live
928cef47-ebe6-4fe5-b8f0-12dcf926e593	nationwidechildrens.org_clinical.TCGA-M7-A723.xml	32e838197e130d97bfb94e1309b2ed3c	47222	live
caa0f06e-1f30-4549-a82c-aff4ead56124	nationwidechildrens.org_clinical.TCGA-KK-A8IL.xml	b9ed622ff4f2d1ae1344eb68d6aeb960	22262	live
3bad0d4a-46e6-46cd-bc19-1967264d3dab	nationwidechildrens.org_clinical.TCGA-V1-A8MJ.xml	b8b9cde1919e190c4c4594835d52aec2	32747	live
7618ac2a-93a0-4835-abbf-650ec86de273	nationwidechildrens.org_clinical.TCGA-EJ-A8FP.xml	ad4196b61b4966efd398068f982cd6fb	32580	live
7f9f50c9-8945-4e45-a3dd-425620255ebf	nationwidechildrens.org_clinical.TCGA-KK-A8IM.xml	973bbf8f8d4ca4302f85f5c5995c5e01	30652	live
e44af255-5906-4411-8696-3636e796ee4e	nationwidechildrens.org_clinical.TCGA-VP-A87B.xml	58752ab2f7b652109b121f9ec9385dee	41499	live
5ce8489f-7c1d-403c-8df0-da59a5223626	nationwidechildrens.org_clinical.TCGA-2A-AAYU.xml	83bd324e5bef51623b96af40866b18f8	30536	live
cb4635eb-2250-4453-a456-6b4c482e5a86	nationwidechildrens.org_clinical.TCGA-KK-A7AW.xml	9778bdf9d30975ded344676fe7dc08e8	24471	live
89aff4e5-96c2-4ea2-8d4d-814dae0d0a01	nationwidechildrens.org_clinical.TCGA-G9-6384.xml	8be882ae7660dfbc9f1132c909e6253b	30313	live
6aba31aa-0feb-4154-8d0d-f14383f364bd	nationwidechildrens.org_clinical.TCGA-EJ-5495.xml	e75a954909692ebb83489e664dc60434	38703	live
9fb6fcea-ba7e-47a7-b4d2-138b41032889	nationwidechildrens.org_clinical.TCGA-EJ-5526.xml	7b2fb2c68333ec2b0a33202db63a8f6c	39215	live
06660194-088c-4bbb-bcf9-365370f8b060	nationwidechildrens.org_clinical.TCGA-HC-7738.xml	cbba643dda2ffc93e377ba2544ddaea3	30179	live
65407f08-8ffa-4fa5-80c2-310d17ca1176	nationwidechildrens.org_clinical.TCGA-EJ-7330.xml	b69d7f8977f92bd25dfe33e69a577a3e	22159	live
e6a78625-f5e5-4c70-b49c-81f1bec21a24	nationwidechildrens.org_clinical.TCGA-EJ-5501.xml	0de31f24d94c64787ef921aa12642a85	38741	live
2643e870-85e2-4154-bd28-8aaa86b0d4f1	nationwidechildrens.org_clinical.TCGA-HC-A8D0.xml	2b713a701752fce34193948a57724420	30620	live
20f26dfa-db66-4b8c-b964-da43fee00cb3	nationwidechildrens.org_clinical.TCGA-YL-A9WH.xml	1ae04ddbb4f22e14ae5bc085622f8a99	49347	live
d3f38eb5-1644-40b7-9b38-7956f5a28523	nationwidechildrens.org_clinical.TCGA-ZG-A8QY.xml	c866a2d91761121bc8092dec02f0cdfb	30060	live
abd095d8-9441-4cbc-863a-f93a888be487	nationwidechildrens.org_clinical.TCGA-EJ-A7NF.xml	9be228e9413146d70c1545f26615202a	30069	live
352b1c0a-ff6f-42e3-9ea2-0e0e26681cc3	nationwidechildrens.org_clinical.TCGA-KK-A59X.xml	f42297d7dac851b1d4459a282af7384e	58871	live
90ab1207-1353-49a1-a910-a82fc76008cf	nationwidechildrens.org_clinical.TCGA-EJ-A46I.xml	4b3794dc85b723265c8a3c68ceb4c171	29908	live
2308cf9d-893a-4fd6-bd63-7549670f18f8	nationwidechildrens.org_clinical.TCGA-KK-A6E6.xml	211237d674112d68c27a466870c43cbf	22186	live
9f7c9e8c-4d5a-4dfb-9a3e-3294572bde9d	nationwidechildrens.org_clinical.TCGA-KC-A7F3.xml	26809832dcccbfcc63026f1809c6b498	22071	live
9b36e99c-1dc8-45da-bd13-ca65f7684ce4	nationwidechildrens.org_clinical.TCGA-2A-A8VO.xml	bfa19ba722dc4cf4ca5ea44c09ed98c7	30794	live
9279a784-6e83-4a7b-bdf1-30e3bd128b40	nationwidechildrens.org_clinical.TCGA-V1-A8WV.xml	82d2e70156af7a631a6195ff99068ead	38571	live
219dfd2e-81ff-428f-b48c-0a1c791b09fd	nationwidechildrens.org_clinical.TCGA-EJ-8472.xml	865197584f39a32d14e50317c534f16d	32476	live
f30857bf-0cd0-4543-8061-924122deef7b	nationwidechildrens.org_clinical.TCGA-KK-A7B2.xml	8fd26433f40078ce88f7844c2086d861	31111	live
e733d072-9eef-4182-82b1-a659e9610a94	nationwidechildrens.org_clinical.TCGA-G9-6353.xml	ad58cc1602eeb24dd249f29becd82576	30255	live
67fea3fc-e513-4a49-9161-5d0887591f41	nationwidechildrens.org_clinical.TCGA-J4-A67S.xml	576f5e1c19af6d93d6b05af2a0b2655c	30767	live
b61c1daf-e2a0-4194-8c8f-54287b97aacf	nationwidechildrens.org_clinical.TCGA-CH-5765.xml	50506dc262adb02ed3322ab48e2b6a31	30287	live
454a1af2-36c5-4385-9ed2-495678f255b8	nationwidechildrens.org_clinical.TCGA-HC-7213.xml	7f5763b41af136e09b9814265a4701a7	31089	live
7bc70f71-5934-4b95-9b69-ef4891500ce4	nationwidechildrens.org_clinical.TCGA-EJ-A6RA.xml	4d88002f9780cb738a3dea1a1d188406	32471	live
2000a557-51ae-4ea9-8674-324abe1d12c4	nationwidechildrens.org_clinical.TCGA-YL-A9WJ.xml	28771ffc0651208c9c2f278a80aa7816	38136	live
6ea4a7df-17cb-4a7b-94b1-97f1efbeca64	nationwidechildrens.org_clinical.TCGA-FC-7961.xml	2e7c2a3b5e23c177219c68fb385d1a6c	30094	live
e95dad20-5371-4398-a8be-9c3ff8f7cd25	nationwidechildrens.org_clinical.TCGA-HC-A4ZV.xml	5e698bd88388b9da71d814a817c64c28	21410	live
759fa61f-336e-46cf-bb3b-bd15d4ccce60	nationwidechildrens.org_clinical.TCGA-HC-7821.xml	a278480ef4bf13fcd580bd27fe954b62	30623	live
5c582a90-b44f-4a9b-b5e7-2098d6c1d0b5	nationwidechildrens.org_clinical.TCGA-HC-7747.xml	011fb3bb1a76b6424737c50baedebaa3	35463	live
ff2e4f12-0cd6-4b40-861b-65278ba3f608	nationwidechildrens.org_clinical.TCGA-HC-7752.xml	a7c1c5e5d7910da569bc4d29a01b7f05	29935	live
940346ad-a3bb-4149-80d4-eb487627c214	nationwidechildrens.org_clinical.TCGA-EJ-5516.xml	62853e2cf27ba2e059a2582526f532aa	38430	live
be1ebad1-cfc8-46bc-a941-b5a22a2f3ad2	nationwidechildrens.org_clinical.TCGA-G9-A9S0.xml	f498d6d9236114fa4977b45b4ea545a7	76423	live
5516ebc9-f49a-4882-a42c-a762a095f61b	nationwidechildrens.org_clinical.TCGA-CH-5744.xml	2797ce00aa9d5fbf7390df4889e51b0b	21870	live
09c8e7a9-6b3e-493f-9655-f83998735c42	nationwidechildrens.org_clinical.TCGA-KK-A6E7.xml	4c03c0f0b9ae6490a94e466553e8ab60	31081	live
7993b064-e25d-4638-9974-bafb4af30e9c	nationwidechildrens.org_clinical.TCGA-G9-6336.xml	9f19303f062bf1ea6a64bc11f1ce2d02	30514	live
9ddd5cca-d9bf-4668-9b9c-0b3202346f16	nationwidechildrens.org_clinical.TCGA-ZG-A8QZ.xml	2f5c9d507aa37bd43d95df9c11900b32	40873	live
b1a034a7-7ba6-4dff-a27f-d7e5a03c5cc2	nationwidechildrens.org_clinical.TCGA-VN-A88K.xml	b4215acdfb6155be47dee42c3787f9c2	36597	live
eeafaa7d-2b63-4ef2-8c41-f3412f7cd1e6	nationwidechildrens.org_clinical.TCGA-G9-6370.xml	2ac4dfac86e40986ce555eeaaf6a0d70	30313	live
9328f48d-0ed4-41e2-b439-5f5eb7ec256d	nationwidechildrens.org_clinical.TCGA-ZG-A9L4.xml	bd57e1ba76f573632ec1ca083ad879c3	32883	live
c30f49e8-de1e-4b44-b4d6-d00b82fed639	nationwidechildrens.org_clinical.TCGA-H9-A6BY.xml	e3cee9cd0728939b685cd70f8c6f09f8	29469	live
10e29f81-a23b-467a-b872-6495956aebba	nationwidechildrens.org_clinical.TCGA-EJ-A46F.xml	a44c5090c308f5c980f0d4ce1a83dd6a	32697	live
2a1f8cd1-9308-4523-a76d-4b2dbe42b69d	nationwidechildrens.org_clinical.TCGA-YL-A8SQ.xml	bd0ad66901ea6f9686041042ea30f1dc	58458	live
fa80048d-b74f-4c39-bf7e-2cc412afca50	nationwidechildrens.org_clinical.TCGA-VN-A88O.xml	ab36287ffb06f8164fb746a8db020a51	30527	live
23fa286f-57aa-4f3c-bf33-7ef05112b803	nationwidechildrens.org_clinical.TCGA-ZG-A9LZ.xml	21ce872ee14e813da67398e9ab60817f	38093	live
5631fdda-0d75-4d80-865d-9ace6b13e5eb	nationwidechildrens.org_clinical.TCGA-YL-A8S8.xml	cb4055842c3575c89c59c337e697ec1f	38285	live
9fcbf38d-3a12-4d89-9048-55e36239231d	nationwidechildrens.org_clinical.TCGA-HC-A76X.xml	d747ffccabc9bf70bc2e15de853c5efa	22083	live
da08a340-aa3c-4dc2-a3ec-5d72eebb029a	nationwidechildrens.org_clinical.TCGA-KK-A8I9.xml	e1977600517871c760b9779f77733f59	41784	live
13a362a9-0472-4991-9522-ba4353993289	nationwidechildrens.org_clinical.TCGA-G9-6361.xml	b7458b1af700ea30b2ed166ab1fc0a87	30540	live
1d158c3f-b542-4c8b-9ce9-68e37e533d20	nationwidechildrens.org_clinical.TCGA-XA-A8JR.xml	828192334bb3fd93d700d410cdbdb0e1	29988	live
5dab0462-fb2f-4883-bfe3-29967ef6022e	nationwidechildrens.org_clinical.TCGA-EJ-A46D.xml	20a434ef2a139d95a25dae78c1d69642	30154	live
20b57161-5845-4ccc-a186-952f0c695b95	nationwidechildrens.org_clinical.TCGA-G9-6379.xml	e249bc6e718b03292a63420419f0f836	38440	live
c3f9a777-0cb3-41d7-b877-1ecf6d29a62d	nationwidechildrens.org_clinical.TCGA-VN-A88P.xml	7d7f14bc44bb1d3107b7e2b898c07231	30518	live
d254f6d2-ea53-4aa9-a60c-f19b72fddc19	nationwidechildrens.org_clinical.TCGA-V1-A9OT.xml	fb5231b5c8baa10a05c219ca2219d220	32717	live
8b7d38e8-49eb-48db-8e95-7e93083d50ec	nationwidechildrens.org_clinical.TCGA-EJ-5497.xml	a37b87034b295174f2b3d34ca5ec155b	38203	live
f1432f98-83b8-4e26-b7f4-8a4c9de5328d	nationwidechildrens.org_clinical.TCGA-EJ-5514.xml	649b618edb15a1840393c4d18b37b7fd	38430	live
9537593f-596f-44ff-950a-e284ceb594c7	nationwidechildrens.org_clinical.TCGA-ZG-A9LM.xml	11bf1bad08e5592c87c3858492a7373a	30509	live
6f66a000-c6ff-4b82-86c3-c4969d16040c	nationwidechildrens.org_clinical.TCGA-KC-A4BO.xml	49c282ac46a80e99af52a38c84688d01	22350	live
678cae82-9d55-4948-84f3-406882709a07	nationwidechildrens.org_clinical.TCGA-YL-A8HL.xml	f6c2601c9ded6a88c7aa244cc51a1ae1	47168	live
806648f6-b625-4e6c-9a14-ad6e3981eb49	nationwidechildrens.org_clinical.TCGA-G9-6354.xml	84517acd88e95280fe2fb7161a9c5df2	38560	live
442244a1-9352-4fb7-af2c-c3d79c8b435b	nationwidechildrens.org_clinical.TCGA-CH-5741.xml	0e4431d74618445ff6b0a5446e432b2d	36206	live
370aac63-71fb-46ff-af36-1b76b76646c3	nationwidechildrens.org_clinical.TCGA-KK-A8I6.xml	40bcb94efe36404474336a36c9bef2c0	22580	live
28c1caca-4112-48c6-b641-407ac7fd01f2	nationwidechildrens.org_clinical.TCGA-HC-7736.xml	4664d58cae85b196273b3b8720c628f9	30401	live
fff5370e-8a9f-4170-b7e2-d175b55552d2	nationwidechildrens.org_clinical.TCGA-V1-A9OH.xml	f3465b31f4a56b8653fd6d26aa678d7e	32274	live
d2939590-cc53-4dce-a7e4-8e0d7b2199ce	nationwidechildrens.org_clinical.TCGA-H9-A6BX.xml	2d8ebeb18a4befcfd1ac8f80e59fe0ac	29912	live
fe56821f-b263-4c96-8ddf-4c3a2626a380	nationwidechildrens.org_clinical.TCGA-HC-7232.xml	e1d7d4608c6a5e306d8a9fdbe8738df2	34704	live
1630794c-6e57-4fde-bc69-3cfc981991c5	nationwidechildrens.org_clinical.TCGA-YL-A8S9.xml	70b8fdc8783eefb8e1f8338fe8c26651	37763	live
2a60ac4e-2f3f-4465-8f55-fac1d5cd8c10	nationwidechildrens.org_clinical.TCGA-KC-A7F6.xml	d334d1a587ed07007fe21084dace79f5	22324	live
d056cb3f-0289-42f8-bc22-6da180427cfb	nationwidechildrens.org_clinical.TCGA-G9-7510.xml	3914fd8b3b7607ca5d28b2ca5ff90675	30419	live
1979ce3a-c1aa-4787-a5e4-155bd4476c61	nationwidechildrens.org_clinical.TCGA-EJ-7115.xml	39c2134fbddafcb3a37a3af80acb89e0	30294	live
e987f112-88b2-4081-ba08-f67d15d307da	nationwidechildrens.org_clinical.TCGA-HC-A632.xml	1f4c94690ecc9e6958cfba7a32f69bed	21409	live
8038c483-74d6-4906-b64f-92f2d3277cb1	nationwidechildrens.org_clinical.TCGA-EJ-A8FO.xml	a5a1ef55df008e0c998e88832648c791	30089	live
acb2be79-2684-4b3b-a10a-0c54d85d03df	nationwidechildrens.org_clinical.TCGA-HC-7819.xml	8060b9eef25f520ff9b4006b7ff202db	30179	live
44d0754e-b30b-4223-b5de-6003862893a4	nationwidechildrens.org_clinical.TCGA-V1-A8ML.xml	b397b006ef79de5f6825a202bf32a5cb	32493	live
079b2f30-ffb0-4b1c-8b16-af78b7cff4e2	nationwidechildrens.org_clinical.TCGA-V1-A9O5.xml	413a863e40a20fb8a670929629255f4b	43669	live
87dd999b-ee28-43bd-b621-5760ad1f6e20	nationwidechildrens.org_clinical.TCGA-V1-A9Z9.xml	9b89fc360bfddf10727e7c25e1b2c6ad	32609	live
e716f09e-cc4e-430c-96d8-556a03536864	nationwidechildrens.org_clinical.TCGA-EJ-7793.xml	8a9c228ba0733dd83a3539faac89bcd2	38211	live
46f2e1fe-d0e6-4382-9e61-017e00220482	nationwidechildrens.org_clinical.TCGA-HC-A48F.xml	575321db279cb4d5337197592b0a9dc6	40707	live
6792799c-e83e-4665-b77c-26928113aaf6	nationwidechildrens.org_clinical.TCGA-HC-7079.xml	eb6046b22463adcd03ae78cf68e4e6c1	35509	live
972e3393-62c7-44cc-8c4e-1e84b9479113	nationwidechildrens.org_clinical.TCGA-2A-A8VL.xml	34acfdada8b156eb81d01a2a91c89c75	30275	live
19befbb1-55d6-41f6-ab4b-812cd2458d80	nationwidechildrens.org_clinical.TCGA-J9-A52B.xml	edfa070ad40cf489ed10d74e81885094	35595	live
70f7fc9b-7e49-48db-a4e6-2b446e53924b	nationwidechildrens.org_clinical.TCGA-XJ-A83G.xml	abe4a7b655d57bd02145d85cc8ea3f09	30383	live
054a9137-0bb7-42d1-9a9d-f236ec3e3e47	nationwidechildrens.org_clinical.TCGA-V1-A8X3.xml	7d87573d1ff9fdae028b6d9e65311608	32424	live
263544ca-a5b3-4c37-a433-bbdfad411427	nationwidechildrens.org_clinical.TCGA-HI-7171.xml	0ee574fadf9745dc411edb35a03fe572	60648	live
39858bb4-ba14-46ee-858d-4813030be6af	nationwidechildrens.org_clinical.TCGA-J9-A52D.xml	147160ebb7224f40a7d6578fd506e6b6	22171	live
fccf4613-9247-49a4-9eae-43a9e772bbc6	nationwidechildrens.org_clinical.TCGA-G9-7522.xml	9323b66898c4d2fc76f6a927b51cef6e	38406	live
d2f433ec-fc85-4355-a71c-c6a57b87bb54	nationwidechildrens.org_clinical.TCGA-J4-A67M.xml	6767595f04f4ef740843b46c7b33d561	30620	live
6aa58c3b-132c-4be4-9a15-3e01f3deee3f	nationwidechildrens.org_clinical.TCGA-VN-A88L.xml	6155b543d255b71c93e27023be816848	30498	live
35a2d998-b9f3-404a-8e38-567c2ea3d76b	nationwidechildrens.org_clinical.TCGA-YL-A8HK.xml	dc352b897b9fa487016736a0cd24adc6	49882	live
3f40747b-c3cc-4df9-9eae-5e816896ef5e	nationwidechildrens.org_clinical.TCGA-J4-AATV.xml	d81496ebede507ff5b20f8e87f4a7473	29954	live
1165a8c0-4cfb-45b6-afa6-6e7c88fd4894	nationwidechildrens.org_clinical.TCGA-J9-A8CN.xml	859737d91fb92115e419d8b718777b69	21960	live
cf25b8df-4a57-4855-9ab4-ace15c39cb27	nationwidechildrens.org_clinical.TCGA-EJ-7791.xml	a48f7b7f6531a1aff349d5bac6e9b31d	38605	live
880f8e05-1026-48b2-9ccf-e6e388cea9ec	nationwidechildrens.org_clinical.TCGA-EJ-5524.xml	edb2e4b15e5ef758073e4e7e3b7abe3e	43323	live
87b8d4c4-b6fe-4779-ac89-6b5086749166	nationwidechildrens.org_clinical.TCGA-XK-AAJ3.xml	cd4caf8a2166e35906e22546864087dc	30787	live
0a335b4e-c107-4a56-8899-9797d88e7bf1	nationwidechildrens.org_clinical.TCGA-TK-A8OK.xml	9251fd65ce1cd8904a8c8b51a2990081	29467	live
3d39d3b7-d677-40c8-a589-607d525e1784	nationwidechildrens.org_clinical.TCGA-XJ-A9DQ.xml	ac18f96fcc8c9ab0264f36f3448ec328	29820	live
bf03c70c-cfa4-4381-885b-b5b8162fe254	nationwidechildrens.org_clinical.TCGA-G9-A9S4.xml	0f301491606caf77a36d7ca4643df732	39077	live
927b38f8-c29b-4ad7-9e2b-9ad48340e5cd	nationwidechildrens.org_clinical.TCGA-G9-6373.xml	78ff0b0e762e53f881700af93f2dd4ea	30235	live
0665745b-9d4f-4e31-a5ef-87ae657d4837	nationwidechildrens.org_clinical.TCGA-M7-A724.xml	8512096031876e670e07028d81ad2504	43389	live
c391222e-c4c2-4616-91c7-90584f5bf031	nationwidechildrens.org_clinical.TCGA-HC-8256.xml	ba411bd6f93a1d893c2993e36074a96a	29856	live
ca705933-3c7f-4923-b8c3-5fd01923f142	nationwidechildrens.org_clinical.TCGA-EJ-5505.xml	b655107f1b70e37436c498c5dc298837	30817	live
51e949a7-2d77-4eeb-8e0b-04396a1fc85e	nationwidechildrens.org_clinical.TCGA-XK-AAIV.xml	f2699899864f0e1896d8437e8216160f	47326	live
c2dc3b0d-d531-4879-8a1a-4828b5f8c76e	nationwidechildrens.org_clinical.TCGA-HC-A6AS.xml	1c690a1e2d448abc76d6dc14c5b1a91c	21681	live
a3e9feb8-d915-4ba7-8fa8-2af015d06a5d	nationwidechildrens.org_clinical.TCGA-ZG-A9L2.xml	9a3b44cd674b803f3572999a4f3ba80e	32697	live
56a020b1-d5b8-497b-b0d3-d01edfe648b0	nationwidechildrens.org_clinical.TCGA-KK-A6E4.xml	b10765074e18a63f8f8376f623e8c4ef	30482	live
c2577ea6-402a-40b1-84f4-c69f62c28760	nationwidechildrens.org_clinical.TCGA-TP-A8TV.xml	10342ff91716d2008531d64fefe9e550	43584	live
26029eb2-fc34-4712-a0a1-dd292b88c2e8	nationwidechildrens.org_clinical.TCGA-G9-6356.xml	2e60a14ada76308275f92fba5ca640af	30566	live
430972f5-0b34-40df-8941-94c49107140e	nationwidechildrens.org_clinical.TCGA-G9-6499.xml	dee476993e8fb064c7d058b1120e18d3	30505	live
a69be3b5-590c-400d-b41d-7970dfebbaf0	nationwidechildrens.org_clinical.TCGA-VP-A87D.xml	b8ac97499300da4fb9c891356f0e0e47	50712	live
79484da9-1d67-4623-8993-3529cb0d2873	nationwidechildrens.org_clinical.TCGA-VP-A876.xml	e1264aa7284ea63ebe28cbf4cbbba797	30650	live
edd7a177-6d9d-4cc3-ac9b-a5048046e75b	nationwidechildrens.org_clinical.TCGA-X4-A8KQ.xml	454189d5f2de6c065bfcd98a48f0854d	40774	live
b261c038-708b-4656-a5e0-66b8023187bc	nationwidechildrens.org_clinical.TCGA-CH-5739.xml	498729b74a681bc1375a46915e6ca50b	30100	live
ce793491-f735-4078-a0f6-29a8a94e871a	nationwidechildrens.org_clinical.TCGA-KK-A6E8.xml	b0999358d78e50ac31fe6c13bed2067a	22386	live
2352ca38-2a21-4198-a2a1-4755308fbbb8	nationwidechildrens.org_clinical.TCGA-EJ-5506.xml	49a6b9e73c9cad8392ac29a6de28bdf8	38855	live
015b8fee-6fca-4c6b-91cf-463150843705	nationwidechildrens.org_clinical.TCGA-EJ-5510.xml	97c9db5e347ee6c0f4bcf1e5d7d4ab9e	38555	live
351bf0e8-2fb2-44fb-b27d-5ca7ca33ad1e	nationwidechildrens.org_clinical.TCGA-EJ-7318.xml	5c35a69dc4228cd278df76efd134cccf	32441	live
ce4a3d79-0627-42d9-9a61-4857247ad351	nationwidechildrens.org_clinical.TCGA-M7-A725.xml	bb74acabb18b6037961077b0c634c6a3	30416	live
dee449cd-691b-4cf2-a19f-876a5716aa65	nationwidechildrens.org_clinical.TCGA-VP-A87H.xml	97dd0757930bc204d47b15468b490968	30574	live
bc053cdd-8e83-4d09-9bb2-d361d981ccdd	nationwidechildrens.org_clinical.TCGA-HC-7212.xml	28b6a3db2030ee949138b10c57929a6d	34627	live
f5f02b8f-56e8-4ddf-a8c8-f8d3d147bcb3	nationwidechildrens.org_clinical.TCGA-ZG-A9LS.xml	55c4d8655bf198c64d9753e2075ff9d0	35588	live
fa1bfdeb-6dfa-4c8b-be29-e8e73a0f5562	nationwidechildrens.org_clinical.TCGA-M7-A71Y.xml	eef36642a07475b88bd7bb9480ad6f48	30557	live
cf63cb03-3e65-4b8b-b6de-c8901cb8d659	nationwidechildrens.org_clinical.TCGA-V1-A9OQ.xml	cdb7048dfd0ca866c0ebc521cd24e5b0	32427	live
b4b71843-9ff3-40be-8ca5-4a3c37633f00	nationwidechildrens.org_clinical.TCGA-G9-7525.xml	8fb68258e31767d3282fa570e6074131	30367	live
cc576fd7-e375-475f-8dc1-2b3426dc226a	nationwidechildrens.org_clinical.TCGA-YL-A8SA.xml	b876d268f03434224666966e19bb73a2	35210	live
5cbb07af-641c-43f1-8dd0-8873e4969ccc	nationwidechildrens.org_clinical.TCGA-HC-8258.xml	e73bc925a9527881018facc8ee5da196	29823	live
870e99fa-8cb0-41f8-95f0-67db8f90fc19	nationwidechildrens.org_clinical.TCGA-CH-5771.xml	203918457661a9b1b8c945acfbbd44b6	30323	live
e3eca1a5-4b5d-4953-996f-4b66a258dc4e	nationwidechildrens.org_clinical.TCGA-EJ-5527.xml	9df94c0777c90fb0a13ef1e5f75117d1	38604	live
5bceff2f-da2f-44ea-af38-13c1f8090daf	nationwidechildrens.org_clinical.TCGA-EJ-5509.xml	97aa4ac1fc4c8dc03ece2347a68d9310	38872	live
56a46626-f3e2-4a71-8072-b1efac491ea8	nationwidechildrens.org_clinical.TCGA-XK-AAJT.xml	9ff8764a7ba1d3548ad0ae65677724c2	30434	live
2e3cde6b-1d4e-410c-8062-43830665703c	nationwidechildrens.org_clinical.TCGA-ZG-A9KY.xml	72deb3f673e326ba0c7a626622466d04	32788	live
344d203f-3ad1-4e00-b397-834200fe7c6a	nationwidechildrens.org_clinical.TCGA-EJ-7783.xml	e44ec70b2b38068c580e2865750b6b5d	38372	live
fb6a5934-4b92-4776-a2d0-b21d06100e52	nationwidechildrens.org_clinical.TCGA-CH-5789.xml	1d87ea3bdd53d3692cae640fa5310a2e	30180	live
1ef604ea-a0c1-439d-8718-25a6d686fff3	nationwidechildrens.org_clinical.TCGA-J4-A83M.xml	87401184f2bbcc9f074f2b24f38660bb	35227	live
61ef3f76-c71a-4fa0-ba0f-434565394900	nationwidechildrens.org_clinical.TCGA-G9-7521.xml	cbbf376a5de9d6fbe645fac828410239	47927	live
be928bfb-cbbe-40da-8511-fb07817f6bad	nationwidechildrens.org_clinical.TCGA-EJ-5519.xml	3ba0115de0f865627c5c66efd1c63b07	39049	live
a6f5e4d0-b6c9-4221-a73b-eb9ce4124e09	nationwidechildrens.org_clinical.TCGA-V1-A9O9.xml	fcb1d3ff8f3d174b7352971ae0f0eb27	32402	live
48df1e3c-e251-4780-a412-a51b266c5f5f	nationwidechildrens.org_clinical.TCGA-V1-A9OF.xml	1ee64c2b64b838e3d17832c450d2a529	32397	live
b3db9b8e-02fe-4045-a1e1-5f051eef6df4	nationwidechildrens.org_clinical.TCGA-KK-A7B4.xml	9d6fb7c733813d8925a1527be6c56b45	45246	live
5eb1aba1-b31d-4ba6-924f-e7e03fd5fdb3	nationwidechildrens.org_clinical.TCGA-V1-A8MU.xml	dfd075e9f2e9cc13e58b0ad8b6b6979a	38689	live
adf5e391-8bb8-4cba-9901-1b96db81a207	nationwidechildrens.org_clinical.TCGA-CH-5750.xml	c27b1dc99563917aa7bc0e0a226a2013	30333	live
ada73cb5-1b38-4911-a9ac-0cf40edb223d	nationwidechildrens.org_clinical.TCGA-4L-AA1F.xml	bc5a1dcd0b217ea2c083c2abd935c4b1	27913	live
281dcb2e-5009-453c-bf56-a1c5bd36307b	nationwidechildrens.org_clinical.TCGA-EJ-5521.xml	f8768bf1c0a5a7e9f73955d0e22e9092	38600	live
5bd03626-a31d-4f66-87d3-5b4072357b88	nationwidechildrens.org_clinical.TCGA-HC-8212.xml	f7360e0032c0b8470d18cec9d1cc4d32	30132	live
8b6bd854-2153-4c6d-8d47-f294dfea512a	nationwidechildrens.org_clinical.TCGA-HC-A6AP.xml	e237ff8a5036b53c58a6be4d1eac8627	21484	live
a5e4ddc7-6891-47c7-8719-b04563c650a8	nationwidechildrens.org_clinical.TCGA-G9-6343.xml	763ae1b92a72c5ffc78d526ffcc6557d	37952	live
f1038d3c-bfd5-4612-b5b6-91e8509f29d1	nationwidechildrens.org_clinical.TCGA-VP-A87C.xml	49a401aa9f6d1a2904e46a3728777ce1	30674	live
389e7e71-2bcf-4e7f-bcf9-cd8f2697ae83	nationwidechildrens.org_clinical.TCGA-HC-7209.xml	d03351cffdd688a7b2e6e6b0e41904aa	30456	live
28db1227-8dfa-4d1b-b50b-8ab62cf98e87	nationwidechildrens.org_clinical.TCGA-J4-A67L.xml	6be0811e819009751a6d1f9da5812d58	30615	live
e74a2c96-edf7-42da-975c-8d7a921a3925	nationwidechildrens.org_clinical.TCGA-G9-6494.xml	ad638986e4dde357fea7e83bd346d345	30244	live
1ed9716a-56cd-494e-b922-f09279255d5c	nationwidechildrens.org_clinical.TCGA-J9-A8CM.xml	1221e4c8f91c137b44e06f15edba2073	24937	live
966e63f8-a26d-4bfc-b722-ccd7599f5795	nationwidechildrens.org_clinical.TCGA-J4-A67Q.xml	b5355b4ba30228e1f3f7f3606b791b96	30243	live
edaf3b44-0f30-43e3-a6f5-2dd814856bde	nationwidechildrens.org_clinical.TCGA-KC-A7FE.xml	b719545238f6fe079681bd3d4101b4ee	22321	live
3db4b791-c49e-4feb-8a8b-26b7efd6b504	nationwidechildrens.org_clinical.TCGA-EJ-7218.xml	91c81c25b5185a53f5e75b5044e17d61	30058	live
239b378a-6937-4cfa-b4ac-9c903c5c3f24	nationwidechildrens.org_clinical.TCGA-M7-A721.xml	842d41a2334cf8cb64406f525b5e2244	30529	live
47329fd4-c9da-42bb-a693-d8c8bb74bebf	nationwidechildrens.org_clinical.TCGA-VP-A875.xml	c3829dc56b9a583df0f69ef04023a5f7	30613	live
221b5244-341a-4ec3-8ded-29b69a24e720	nationwidechildrens.org_clinical.TCGA-KC-A4BN.xml	7d97165ad885487dbe29e9ca32cd6da7	21755	live
57bb266d-77bc-43f1-b795-e07f8338b260	nationwidechildrens.org_clinical.TCGA-CH-5754.xml	2da18bf9420d0f15605d83a12e7513d4	21879	live
12c4116f-2f39-4c2f-a3ba-b7144af29156	nationwidechildrens.org_clinical.TCGA-V1-A8MM.xml	89c695ba7cb5df07122fbcaf4fdce8f6	32907	live
3f81a040-61e1-438e-a8c5-a58b91b0bcea	nationwidechildrens.org_clinical.TCGA-HI-7169.xml	ca041ee38ec4286dc22ab5e6398af908	30203	live
4ea8c9b5-46ce-4c7a-8ddb-15bc4b7c0d3a	nationwidechildrens.org_clinical.TCGA-EJ-7123.xml	f7e01e42df5527b78cfc6a3dff71e947	38862	live
fc8c415d-9ea2-44b6-8f6d-c2415e1009c5	nationwidechildrens.org_clinical.TCGA-G9-6364.xml	f2ef0fcf13ba2c8b17d3b217a239b457	30027	live
4fbf3f44-8a61-4783-9af6-f970d66618ef	nationwidechildrens.org_clinical.TCGA-SU-A7E7.xml	dcb8afe3e4865ce459603c86c1abe8df	30402	live
e5032076-1abb-469d-9f77-266cafe0c07d	nationwidechildrens.org_clinical.TCGA-EJ-5512.xml	22d420fd84b340ff2fb802848e2aa5b3	38788	live
50d863b8-ddb2-47ba-8987-ba1efaaa623d	nationwidechildrens.org_clinical.TCGA-HC-A631.xml	1eaa833d73ea0742e155bc47ed3dc2ea	21699	live
72a1e4a8-067a-422f-8d54-127a5cfd6c52	nationwidechildrens.org_clinical.TCGA-YL-A8SP.xml	dfbd6d7f6fa86d93438df45277aad74f	64455	live
0ed5ddc6-fda0-440c-947d-8dfc0ca958a4	nationwidechildrens.org_clinical.TCGA-QU-A6IO.xml	f081e56a1a0be1d1c3e24a2193bd7e56	30654	live
79158fbe-3a71-4740-b4de-4dafc10a0b99	nationwidechildrens.org_clinical.TCGA-EJ-A65E.xml	4835c0e9c91f3ebfb6466045380a9ffa	30076	live
608a5184-2f41-4b77-ae3d-86ad3a2065f8	nationwidechildrens.org_clinical.TCGA-CH-5738.xml	9f22a4f017863bfc58e06f9eeb01a236	29969	live
cf7d021b-0d34-4a24-a3c5-04cbe2c7a085	nationwidechildrens.org_clinical.TCGA-HC-7741.xml	aa12444d5ddc150298ef322da6d4eac3	30916	live
b9df7dcf-a431-4418-ac43-ffa2f87534a4	nationwidechildrens.org_clinical.TCGA-G9-6371.xml	32f54ced9803cf0e61ea9df7599579f5	30215	live
e6af7cc6-47ab-451a-98ed-967c0704fbc8	nationwidechildrens.org_clinical.TCGA-V1-A8WW.xml	2f76f65354fa5adf63a7179292d83c8d	38842	live
c2a82b64-480b-4545-8a61-da5c797c478e	nationwidechildrens.org_clinical.TCGA-HC-8262.xml	42d5c7ce64fb595cee9942f9059c8c47	29849	live
99544cbc-ae32-45be-b105-94eaa7d905e5	nationwidechildrens.org_clinical.TCGA-V1-A9ZR.xml	06e470f5ec4098ded028b773c705c726	32665	live
8d9c4703-5552-4a89-8a5d-b6301d92918c	nationwidechildrens.org_clinical.TCGA-XJ-A83F.xml	961171886b0729a9e4fb5b6e21ee3c61	30346	live
3711bd7c-f26d-4559-b5bd-276676eb48fb	nationwidechildrens.org_clinical.TCGA-EJ-A46E.xml	21f45b20e6d32a4efe5108b1ea7d5c32	30200	live
ac04b8cb-b34d-4fb2-bab7-351a4adea189	nationwidechildrens.org_clinical.TCGA-KK-A59V.xml	a3b28af61b483b1986d040da9a970be8	30465	live
8238735e-9283-4c11-922e-75bf811b69fb	nationwidechildrens.org_clinical.TCGA-QU-A6IP.xml	1ccf981593157b17d3c491ee3c9a28a2	30212	live
1ea1c1df-2ba6-4612-b4ed-8a712dbe1999	nationwidechildrens.org_clinical.TCGA-CH-5767.xml	e8b7367a9c2dd5a809b80cf11b670ce1	30107	live
57e3032f-dab6-4964-b1ef-8505cbccfb3d	nationwidechildrens.org_clinical.TCGA-HC-7740.xml	4d57ba6a0bb21d1fa7e5a19a9115c981	30471	live
1ba1f384-6ede-4ca6-a407-c53c97696a3b	nationwidechildrens.org_clinical.TCGA-G9-6342.xml	f2fa9aab8546da6ce60e51cd4d78741d	30470	live
eb1800ea-572f-4075-8def-9ada538aa4b7	nationwidechildrens.org_clinical.TCGA-HC-8261.xml	43610427010adc487739f4c8a4bfab34	29830	live
2aff57a6-b54c-4163-b629-8ad8aa1b447a	nationwidechildrens.org_clinical.TCGA-M7-A720.xml	785f87172b8314eab7949ea9d443549d	30238	live
ef17ea7f-f576-4a2b-8986-d25bbbc73643	nationwidechildrens.org_clinical.TCGA-ZG-A9LN.xml	fd755d6eee2db80a51dfed499c7129f8	36808	live
268a1794-e146-4a71-ab0d-7aba62d23391	nationwidechildrens.org_clinical.TCGA-HC-7750.xml	cceb8dbb06e98b3571b88fe2f8d3a3df	30369	live
86b4351b-1467-4656-b5bc-f2a598b3bbda	nationwidechildrens.org_clinical.TCGA-ZG-A9ND.xml	198ea8027b676673b8a5e9f6317e331d	30704	live
2572253c-1e8e-4978-bbd6-23992dada96c	nationwidechildrens.org_clinical.TCGA-VN-A88Q.xml	6c6d07aa3290334a305db1ce914e4a1e	30484	live
5c79ec6a-5e12-495b-964e-5516cfd5da6a	nationwidechildrens.org_clinical.TCGA-VN-A88I.xml	0e3e85ed402972dc1880f6e98b16d68b	30603	live
7637a104-9b81-4d88-a6d4-c749a5539fb9	nationwidechildrens.org_clinical.TCGA-HI-7168.xml	61a9ced6760db11c7b0d1bbc6a36b2bb	62045	live
957254a0-78d7-4125-94bf-638d121f5766	nationwidechildrens.org_clinical.TCGA-V1-A8WN.xml	62866cc32465d335d58dc5e06c00f642	32394	live
e4cab166-1d43-457e-a27b-042418c2ce3c	nationwidechildrens.org_clinical.TCGA-V1-A9OL.xml	d25d53235ca685f8536405da706ed115	33061	live
42f7303c-6236-4bdc-bfd4-5dfdee0ab283	nationwidechildrens.org_clinical.TCGA-EJ-5518.xml	e3ab74bafc4d5a9dcaa3afb0513ba4d1	38711	live
bbc54ebc-58e2-4c2e-a748-f6983a5fa831	nationwidechildrens.org_clinical.TCGA-EJ-A6RC.xml	11b74f0014e239159855a889fca4ba61	30142	live
8b7837b9-5470-4f8f-89ca-ec13ff1ad6a7	nationwidechildrens.org_clinical.TCGA-HC-7210.xml	ec5ae6e934083d4f3ec73d785150f029	29890	live
ec2b3ec8-e375-4596-91ea-6cdaae26049c	nationwidechildrens.org_clinical.TCGA-2A-A8VX.xml	0ad2a02e9ac8bb37e2aed37112656578	30299	live
a7b8e534-3b2c-43c9-849a-d941870f599c	nationwidechildrens.org_clinical.TCGA-EJ-7788.xml	fb54f4e5027f40a2df548bcffd5fddba	38600	live
0835e184-409c-4ea2-acff-ee5163585c9d	nationwidechildrens.org_clinical.TCGA-EJ-5525.xml	887751472958f97216ee1c4119dabe7c	30807	live
ed86d475-2c0b-4f08-9692-e0491f332048	nationwidechildrens.org_clinical.TCGA-V1-A8WS.xml	acff1b7ce6d7e06fd434a559b9d3210f	32568	live
104f8772-2f07-48fa-b08e-ef1ecc27b92d	nationwidechildrens.org_clinical.TCGA-MG-AAMC.xml	0fab9c2323a2c363996e0698ac26d2d4	29850	live
f7bdc2b9-ea1c-4977-80a2-d1bfb7ff95ec	nationwidechildrens.org_clinical.TCGA-XK-AAJA.xml	8a5434462e203b84ecd46e11f242ee27	22263	live
a09ca752-9f11-46b4-8127-bed1f32a6c74	nationwidechildrens.org_clinical.TCGA-J4-A83J.xml	884c76801306b854d3fd6d9a1153cee3	30566	live
6a3ee243-c300-471a-90a6-de7f0f67ee20	nationwidechildrens.org_clinical.TCGA-XK-AAJR.xml	74ca9039d557dec5bfa262aa68aafe52	33449	live
3c6ff443-b3c2-4a36-80e5-deda1a4fcd54	nationwidechildrens.org_clinical.TCGA-EJ-7328.xml	a42b9bfed9f06109b692251cc93422b0	30266	live
c948b233-fdd4-4564-813a-1dda05c1f4d4	nationwidechildrens.org_clinical.TCGA-KK-A7AY.xml	87d1eb86b42a763b7e79888c353432f8	37908	live
7310c5a3-9538-486a-8dc6-6871ddb07462	nationwidechildrens.org_clinical.TCGA-H9-7775.xml	7c7e18d5190896e3567f49b72c59466c	29788	live
9a01a23e-3685-44b5-b84c-f5d135a092eb	nationwidechildrens.org_clinical.TCGA-EJ-7331.xml	cd37181f0f29afc3aa2c3624e4441d3c	30382	live
28059baf-b92c-4800-b066-6e37fbdf0654	nationwidechildrens.org_clinical.TCGA-EJ-5498.xml	4567228d16f3a6d0f796e106d3c6f68f	38603	live
7c2ab5cb-7152-4677-84ba-ac3c5c7f19e0	nationwidechildrens.org_clinical.TCGA-HC-7081.xml	a54b60afadd01bd741a349ac4f4f984d	34370	live
7edc505f-1d27-49e0-be89-3cf0a161c408	nationwidechildrens.org_clinical.TCGA-EJ-AB20.xml	54f53f10d51b1ab998eccd8b98cf097d	30057	live
2c49009a-f0ea-41db-a05d-e0073fb4b8a6	nationwidechildrens.org_clinical.TCGA-J4-A67K.xml	f498d56987f200239fa80ecc9d2188ee	29950	live
d9f38c4d-3bad-4c90-847b-0d040ffc4d59	nationwidechildrens.org_clinical.TCGA-J9-A52E.xml	30954bc078d06c6c7a1f3c3337ddc531	35519	live
b48006eb-6ace-4daa-bdaa-3257da63f74e	nationwidechildrens.org_clinical.TCGA-KK-A8ID.xml	35b7977d6cbb0ee4de0e7d1376faadf0	36781	live
1667f606-6ecc-4e76-b697-05882f1095e8	nationwidechildrens.org_clinical.TCGA-HC-A9TH.xml	3589b2278175e64ab64875a1e3676283	36845	live
85443a0f-d3f5-436b-a3bd-a2aaee2eae3e	nationwidechildrens.org_clinical.TCGA-CH-5790.xml	f353e45ebea96eec83603d7c2ab155f5	30067	live
11e640f2-a7a6-4693-95a3-2137274ef0b1	nationwidechildrens.org_clinical.TCGA-V1-A9ZI.xml	9b1b39c65b192584c991f10c88f1f7b1	32875	live
a7aba7c6-cd48-47a8-b12a-66f5bc1be78b	nationwidechildrens.org_clinical.TCGA-J9-A8CK.xml	073dc6173cce3770e234beb12f6fb811	22366	live
90e1cb59-9adf-4e8c-bc2e-fe5bf80e541a	nationwidechildrens.org_clinical.TCGA-YL-A8HO.xml	e30f295b70f8928cbe35d7fd9d9d2bd9	46511	live
e0d99d11-f683-4159-8328-bb7cbdf457bd	nationwidechildrens.org_clinical.TCGA-XK-AAIW.xml	764534bbea1889857aae2854cfbb37fc	33093	live
31b9656b-0508-4343-8b2a-0959ea1a9f7e	nationwidechildrens.org_clinical.TCGA-J4-A83K.xml	70a0043c44c88489290bd547cff2f35b	30522	live
bd4d71b3-a1bf-4be5-b206-ec27bd72bdb5	nationwidechildrens.org_clinical.TCGA-EJ-7786.xml	ccbe1925f81fe01fe507d096b65c7700	38329	live
ab631c6b-519d-4de2-a65e-9c3fd0cc3e6f	nationwidechildrens.org_clinical.TCGA-KC-A4BV.xml	19699a15cc75fcde316ac4a0f9770971	25121	live
c59a12c4-25b6-4a95-b2cf-f388ee5e872c	nationwidechildrens.org_clinical.TCGA-KK-A8I4.xml	91161c54faaa541e25b38d3dc174a4e8	45283	live
28bb897f-dfcf-4f6f-bb13-0eac68def0d9	nationwidechildrens.org_clinical.TCGA-HC-7742.xml	46a532966475114c6288a00afe2c82da	35956	live
6e58fb96-1ed1-4bf9-8c44-b6afe4de748d	nationwidechildrens.org_clinical.TCGA-VP-A87E.xml	c3380cc9f3fd8f66177e03db1bad8ab6	30675	live
d261559d-6700-4b44-a871-6f3709a5e67e	nationwidechildrens.org_clinical.TCGA-G9-6363.xml	f3127f6255ba045496c8ffbbcc26c452	38546	live
bdd962e0-c66e-48f0-aaee-d118047066eb	nationwidechildrens.org_clinical.TCGA-EJ-A7NJ.xml	e86551900dc00fa7634c2cf5c53e08a6	30055	live
58c6a54c-105d-4213-9189-88869c57b0f4	nationwidechildrens.org_clinical.TCGA-HC-8216.xml	8f1c3a1cb2c29b2ee2424616850546bf	30465	live
acbfc8b3-3c7b-4679-8cd3-f2eccacc9cd9	nationwidechildrens.org_clinical.TCGA-ZG-A9L5.xml	8fdecc4e83009aef541fefa4ded1f976	32983	live
cff1b34d-f8b6-433a-9e2b-36218aa34706	nationwidechildrens.org_clinical.TCGA-HC-7744.xml	4b9917591beb87258d64311387972beb	35552	live
5c8279e0-87b1-408c-952b-2aa5001ef7e1	nationwidechildrens.org_clinical.TCGA-ZG-A9L9.xml	2128a125c44e45fb58d586704b7e3e9b	38076	live
f7bf6d71-0d66-4360-8873-51b059d5d4cd	nationwidechildrens.org_clinical.TCGA-EJ-7317.xml	1aeeda156c38e9f209bc3f947048d52c	30274	live
452a707d-014d-4582-b320-8d37b474c1e1	nationwidechildrens.org_clinical.TCGA-J9-A8CP.xml	66822a933767ed457677aeea963819a0	21915	live
e834caa0-2e95-4ee6-be2e-72c4c9f5c69c	nationwidechildrens.org_clinical.TCGA-J4-A67R.xml	3d8337aea5d8172c788d23af696d9ba2	30312	live
ec8d350d-5e18-43eb-ae57-1d23c4faf164	nationwidechildrens.org_clinical.TCGA-2A-AAYF.xml	a3737fac240d0dbc2e4d16f306fa545c	30536	live
d28ddbbd-7828-4222-bf8b-8e9e84e5edfa	nationwidechildrens.org_clinical.TCGA-KK-A59Y.xml	ab76694c8f7d52ffd901c36396416ab1	43767	live
5f6caa4d-1099-45b1-ae9c-68d6c7288cdb	nationwidechildrens.org_clinical.TCGA-ZG-A9L6.xml	d7e0d954d2e65f5ae87ea0d649e28421	33378	live
7bf8e95b-e876-497b-a513-6354a6a0c8da	nationwidechildrens.org_clinical.TCGA-KK-A7B3.xml	5faa93191deae35d8e504655ec368b40	31031	live
a839c506-93f1-4876-ac3f-d48e97ee8210	nationwidechildrens.org_clinical.TCGA-G9-6339.xml	1bf50c5b4d20c43566f5f37add558412	46252	live
bb6e6e91-4f1a-4ef5-8020-51bf3fd8515f	nationwidechildrens.org_clinical.TCGA-YL-A9WI.xml	9d1a8e5a2952673e9543d7e4eca75003	30806	live
743d6532-c83b-49e8-a545-cd2d8b466d5c	nationwidechildrens.org_clinical.TCGA-CH-5746.xml	e7415ab2ecd5649642e3d1070b9b2351	30287	live
1b16cc03-3b18-44f8-b91d-08e98f2194d1	nationwidechildrens.org_clinical.TCGA-EJ-A7NM.xml	f8f8ce14113991a790851f5cb33c312a	30096	live
5cde99b3-8090-4f51-b8b7-ca736008c96b	nationwidechildrens.org_clinical.TCGA-EJ-5507.xml	8efbfe62aeec7f6b879b103e3c0eec54	38856	live
b307d8b0-0c80-4fe6-a644-69e3405e8680	nationwidechildrens.org_clinical.TCGA-FC-A6HD.xml	e7c0d56568a61fc8aee6228182654ef0	40663	live
06549542-b06c-4c8d-93c2-873d6d69d2e2	nationwidechildrens.org_clinical.TCGA-KC-A4BL.xml	074cbc1b327a3a8a4cae26ba283f302f	24794	live
d2269b93-0b75-452c-b4b0-f9ac2cece822	nationwidechildrens.org_clinical.TCGA-HC-7080.xml	00521d7dc89f7d5bfc712b5d9449adda	30699	live
2fd52354-c365-4f5d-82b7-39d83ea7036a	nationwidechildrens.org_clinical.TCGA-J4-8198.xml	7c9858610e27a6d28828a846ff1530f7	30353	live
cd5f5271-4f34-45b9-9004-de24bd04ff26	nationwidechildrens.org_clinical.TCGA-KC-A4BR.xml	b830bd0fe46e5e22a1e14adaa1599b09	35655	live
cf54ff7f-15e2-4405-9454-a2eaf44fd7b9	nationwidechildrens.org_clinical.TCGA-HC-7231.xml	e9aab2708e4a1ed5261bb939e402fd05	29760	live
d87f90f9-4c09-4b91-8ce8-a5b8aa6cfe5d	nationwidechildrens.org_clinical.TCGA-ZG-A8QW.xml	08a358df81dbdb081ff87b22ca9b72d1	30058	live
2c494454-6628-4576-bde7-7fd7a929826f	nationwidechildrens.org_clinical.TCGA-HI-7170.xml	4243b2874f61d699aedaa7f54f548181	30447	live
3ff0f9d8-3c7d-43ca-aff8-355ab64f4742	nationwidechildrens.org_clinical.TCGA-KK-A8IA.xml	015d8763c6847a61ad983b23a007597b	36335	live
17b2522e-f14b-44a8-baaa-3914b1c95ecf	nationwidechildrens.org_clinical.TCGA-CH-5753.xml	2a3f8eaeef9962acbb89b144dcbf7a3c	21864	live
c187290d-3370-4535-8bea-4ecd7b3d5f9f	nationwidechildrens.org_clinical.TCGA-XK-AAIR.xml	bbcea60d0477da89aa9fc83f947e18b4	30350	live
a81e2170-c0d5-46b0-9225-efee744d8166	nationwidechildrens.org_clinical.TCGA-YL-A8SO.xml	c1fc0194be5b81d25c0edf0c3d406ad6	41765	live
c67fefb1-5a9c-4829-ac25-039e9648bf13	nationwidechildrens.org_clinical.TCGA-EJ-8474.xml	638b0dd77efd36d06356b0426f343eb9	30319	live
d0fcb509-6fbc-48e6-8a97-d2f11ba115e9	nationwidechildrens.org_clinical.TCGA-EJ-5531.xml	802e274aa1d20684c0bf4e2291769ce3	38856	live
619bca9d-4b32-4979-92ff-24d2eeab41ea	nationwidechildrens.org_clinical.TCGA-KK-A8IH.xml	3b20a7bd29cb426367e7ebcc9fdf903d	30681	live
5cff8e04-4fad-4570-b8a2-c919135c5bea	nationwidechildrens.org_clinical.TCGA-J4-A6M7.xml	9fb1ddc40d1d95bd5f52d55092a8d537	30268	live
873840b9-6125-4891-b037-0d5757a8d9e8	nationwidechildrens.org_clinical.TCGA-XJ-A9DX.xml	c97307df0b542c9d290f1eb2f045d0c9	46492	live
4ddb884d-488b-4866-ae97-97c6f8f84021	nationwidechildrens.org_clinical.TCGA-V1-A9O7.xml	a0b18275a4c94bff42b9add486cfbe28	37591	live
2888beb9-7d89-4dcc-b9f7-2a9d53752336	nationwidechildrens.org_clinical.TCGA-EJ-5517.xml	755ad87f5932ec82b5ab15068d3a2124	38331	live
2136fcb0-6850-42ba-ba60-713548c5ab05	nationwidechildrens.org_clinical.TCGA-HC-8257.xml	cdd6e17b86c614a015a4f5fd8a46edee	35756	live
5bd8a025-ce5b-44bd-bdb9-1dc0a991a11f	nationwidechildrens.org_clinical.TCGA-EJ-8470.xml	721e1089daee0acde25bf32ef5ab6ade	29957	live
842eedae-832c-4d1b-83cb-4acf192b021d	nationwidechildrens.org_clinical.TCGA-YL-A8SR.xml	3e89c4f12084213a9a2df1ca0be87030	30584	live
ce3f21a9-aaa7-46b5-ac25-6acf0a4da1e0	nationwidechildrens.org_clinical.TCGA-EJ-8468.xml	44fe71a9be5ea10a88384bfc1e4952f2	30249	live
5a43642b-e4f2-4558-9f82-f533a350c52c	nationwidechildrens.org_clinical.TCGA-YL-A9WL.xml	4d08195ae473001a6f37f8c38d49def1	44079	live
fe381fd9-5b74-4c2a-bdf5-f1275ff13615	nationwidechildrens.org_clinical.TCGA-YL-A9WX.xml	3e539dbb81ac2534327d719621a97326	32995	live
647b2811-c84b-4fb3-8f07-a39cdb016838	nationwidechildrens.org_clinical.TCGA-EJ-5508.xml	a95c7b38a68baf758c8f92534cbcadce	38604	live
66272406-49e3-45c0-89c7-6a25a9e8d91c	nationwidechildrens.org_clinical.TCGA-CH-5772.xml	0ad30372b26a1488c80372f4d5017540	30428	live
bfbecf96-df50-4288-812e-ca3cbedfa70f	nationwidechildrens.org_clinical.TCGA-ZG-A9LU.xml	53c2a54bb58cc29bc2a870071601229f	35614	live
ba115467-24c6-49ef-899d-01bb4667b0d7	nationwidechildrens.org_clinical.TCGA-G9-6329.xml	e3cab72fb055b33a9f4344fc221cc014	30169	live
368e0e66-b602-45ee-8a71-e86e828b2f26	nationwidechildrens.org_clinical.TCGA-G9-6332.xml	154e8bcb1c29e3c047185bdeb47fdfe4	39155	live
063f3658-52bc-427f-8b1d-9fd011d8e38c	nationwidechildrens.org_clinical.TCGA-G9-6365.xml	1ce1f13509b0da1050330b0fcbe2ff9a	30290	live
28e5f892-ec2b-48d3-a6f4-77e500fe7bca	nationwidechildrens.org_clinical.TCGA-G9-6385.xml	f475b126bb9eb75c3cdc1d22f262f766	30059	live
5aa95d8e-3c4b-4111-b161-73a831f77ba4	nationwidechildrens.org_clinical.TCGA-G9-6351.xml	8d58dad08f4d64bf96eb914656023507	43171	live
23a8ee7d-0d32-4dbd-afdc-3cbf3c795934	nationwidechildrens.org_clinical.TCGA-EJ-7781.xml	fd29353c7c455ee689883dae1120968c	38331	live
53c100a2-40bc-492e-972c-486574e0204a	nationwidechildrens.org_clinical.TCGA-HC-7818.xml	9bbf63eaf1da92ab6d99957b9c75870f	30473	live
b252921e-03f6-4a27-8bb2-0292de243526	nationwidechildrens.org_clinical.TCGA-TP-A8TT.xml	e01d7cbe0cb377d87a2a6dbfa18859ec	35371	live
0186eda5-9af9-4937-b79f-89e6e404b550	nationwidechildrens.org_clinical.TCGA-HC-8260.xml	26dfbf383c1542cfd4c94820f5ed73a7	29930	live
87e38777-23f7-457a-9996-18292c5d020a	nationwidechildrens.org_clinical.TCGA-VN-A88R.xml	d25ef8b7d3d79de2103fa4aad4cd1d29	42488	live
61e2f398-df0a-4412-ba60-d323a068a6a9	nationwidechildrens.org_clinical.TCGA-2A-AAYO.xml	b914ff87b8afc945d7f01014f55a4b54	30268	live
8fdc78eb-16f6-4de9-9bf0-01cc7a9926f7	nationwidechildrens.org_clinical.TCGA-QU-A6IM.xml	88d612434479c9c4c752741469cc1009	30501	live
515b974a-cb9f-498e-9d10-ca48393bfd9c	nationwidechildrens.org_clinical.TCGA-KK-A6E1.xml	cf5defbe87fe51963b8c5fcf626b8229	41338	live
ed1d1664-6b92-49de-b78e-da16ebb63ca9	nationwidechildrens.org_clinical.TCGA-KC-A7FA.xml	b22c1698573176d48e9f9dc04c19bbfa	22605	live
764a316b-bc8b-48c6-b866-3db40cae46be	nationwidechildrens.org_clinical.TCGA-XJ-A9DK.xml	42fd90500815384780cd7da7b077888d	29749	live
224cb862-74c8-4efc-b547-35f7c139d425	nationwidechildrens.org_clinical.TCGA-KK-A6E3.xml	4eba1c90b6b6712db4b6873b0481116f	22283	live
39fc7230-9b3a-4c34-8d53-7f6056c03474	nationwidechildrens.org_clinical.TCGA-EJ-7794.xml	365adfe207e047cb87ce3c09f150b6d8	38556	live
15c5c713-b7d9-453d-8fc9-ee340b9e2c67	nationwidechildrens.org_clinical.TCGA-HC-7211.xml	274433cd7009f7098b921b3facebeaf9	30782	live
817735c7-359b-48d9-8e13-c8db7d8e369f	nationwidechildrens.org_clinical.TCGA-HC-7749.xml	ca7e5bae14d8aa56d43fb1a307a97162	30225	live
83a97115-56ac-4a5a-aaf0-eb689e01416a	nationwidechildrens.org_clinical.TCGA-G9-6348.xml	07b457ff5d59e6640eec0ecc7822d1dc	30525	live
e3fb9dd2-e34c-427e-89d4-148bcb15b1cd	nationwidechildrens.org_clinical.TCGA-CH-5766.xml	f9bdc2134f4e931cc237306e7dc52263	21849	live
3ae83bc4-fdae-43b8-9739-ca55ab4d04df	nationwidechildrens.org_clinical.TCGA-KK-A8IB.xml	a9515177c72b5d222e4649c66b857fbb	21911	live
d5ba5b42-f558-4b38-9616-3f32e6a3002d	nationwidechildrens.org_clinical.TCGA-EJ-7314.xml	6089db260fa4507a943b704e2de207fe	30723	live
ea9853c2-40d5-41f0-bfee-ac4370e11e5b	nationwidechildrens.org_clinical.TCGA-G9-6347.xml	1bf5141870ef41a538e24146161e3f83	30343	live
5cc91ff7-af34-4f79-9e98-13c07ef7a524	nationwidechildrens.org_clinical.TCGA-ZG-A9MC.xml	ae863e308678e92eb90edd245fbc94e9	38005	live
758c8f9f-96ec-44bc-b9ed-211b31380dac	nationwidechildrens.org_clinical.TCGA-EJ-A65B.xml	e8d210b82890cc4d683dae03a5f4a134	30047	live
031fee5a-5db0-4593-bd54-7a83bcb18a3a	nationwidechildrens.org_clinical.TCGA-Y6-A8TL.xml	c69d756ab80075f6d13bb5b2f31b1286	30144	live
70c11dfc-b56d-478f-9e7c-15dea167aeb4	nationwidechildrens.org_clinical.TCGA-EJ-7784.xml	840487b6658365402dd103cf3ca75abe	38552	live
255162b9-de7b-4730-ac3e-60172336639a	nationwidechildrens.org_clinical.TCGA-ZG-A9N3.xml	4cd92ad3943e9304cdfdecb5c1832985	39125	live
1eeb82c2-eeba-41ad-a497-509e39d50430	nationwidechildrens.org_clinical.TCGA-CH-5794.xml	a77bc6d3a2367dcedda65da6413386af	30333	live
9c992bf6-531f-40d6-b9a9-d45e18cca553	nationwidechildrens.org_clinical.TCGA-EJ-7785.xml	af02f7aea06537817527875e64ff7ca8	38604	live
402c71d6-d821-4cc1-889c-2a0a3dc97473	nationwidechildrens.org_clinical.TCGA-EJ-5494.xml	180a87ab3b575894f0236a4b310d414d	38513	live
5404c4a1-5f1d-44a7-a693-8ca18f466edf	nationwidechildrens.org_clinical.TCGA-EJ-7797.xml	11c762cb040a3a0c40684f0d225b378e	38330	live
93a52756-dbbe-4612-8b10-84cfe79a4e37	nationwidechildrens.org_clinical.TCGA-CH-5743.xml	568cdc264c5eced1b7b0188b4cdf7c4d	38746	live
4453be94-a000-467e-b573-32ae16299311	nationwidechildrens.org_clinical.TCGA-HC-A6AQ.xml	ad8c0037c2c8f6eca6244a67509f5eca	21491	live
1a33590f-0f6a-4008-863f-b3bbf0e6fce3	nationwidechildrens.org_clinical.TCGA-J4-A67O.xml	abc091939b7a373df318b16f09561667	30112	live
1c9e0e9c-3f6f-4bb9-9c48-0114e4f60a93	nationwidechildrens.org_clinical.TCGA-CH-5745.xml	b78c6b3dcf256cc3eb225ff7f13c3047	21703	live
3575dcd7-a565-42d5-b5e9-943f1a100663	nationwidechildrens.org_clinical.TCGA-M7-A722.xml	2d4c7db845212e59abf71c6c54b3e4e5	32894	live
1a2390cc-cc93-4ae5-b82b-ddc6eadfdb4e	nationwidechildrens.org_clinical.TCGA-J4-A83L.xml	d4685d1f73136eda554dd4c66726b847	30617	live
81d4db48-07bd-4838-ba76-14853b0fb84c	nationwidechildrens.org_clinical.TCGA-FC-A4JI.xml	9af396381e1f0785159d85e1f7cd471f	49556	live
151cb416-f077-446b-9eb5-fc041a977913	nationwidechildrens.org_clinical.TCGA-G9-6369.xml	9922359cdc63c80d7089658a282813f7	30285	live
e336caec-3dcd-483e-8bcd-d9d1efc2cfd2	nationwidechildrens.org_clinical.TCGA-EJ-5504.xml	05f65e13e2fb0725bebb5d5eb4b0f8b6	39391	live
4edfe407-7417-4ff0-828f-e76e5ab9b06e	nationwidechildrens.org_clinical.TCGA-EJ-5530.xml	6e906b4de88835eb04a907a511d138dc	30342	live
b71d3563-9c27-4c0d-838d-d2273a0a2b78	nationwidechildrens.org_clinical.TCGA-KK-A8IK.xml	d3ffbf408a75e4aad17e94b7fd62a3e9	30689	live
5fefc62c-179d-47c1-9f61-7bd50b0fc80d	nationwidechildrens.org_clinical.TCGA-YL-A8SC.xml	57f4603ee952dbffb2aa069b3c4c92f3	45010	live
8ed22f23-c8bf-4093-b907-725088ce5c88	nationwidechildrens.org_clinical.TCGA-KK-A7AP.xml	2cda2c6dd6d781de1e9148a81e0cfe89	22057	live
48c74a7d-196f-437c-98c7-645110857787	nationwidechildrens.org_clinical.TCGA-YL-A8HM.xml	206b7c2d00571218166a3873a8b89bed	47373	live
8a539bbd-7de6-4490-b293-c06aa37d9561	nationwidechildrens.org_clinical.TCGA-FC-A8O0.xml	07a78481a86d485ac22eacf016023ce8	30648	live
69efc011-77c8-40f3-aae4-d9affc3ab189	nationwidechildrens.org_clinical.TCGA-XQ-A8TB.xml	378bdf8a063a58de16624814cf05606b	30596	live
bee18741-e25a-4732-9216-04cb6c5e778e	nationwidechildrens.org_clinical.TCGA-2A-A8W3.xml	34264ad4a3a0e0cedea3a611015895a0	33170	live
2bee54c6-c13e-4423-812f-e699bb64c4ed	nationwidechildrens.org_clinical.TCGA-YL-A8SF.xml	63739fd70227dcd756ce07751a4c170e	30778	live
2474e4d2-380f-4c54-8e2a-6080845d138a	nationwidechildrens.org_clinical.TCGA-V1-A9OX.xml	9a299cf13d6e4b5b573b7bb841e925a8	32399	live
7447357a-0c41-4c2f-8341-c4a0c8e9abf7	nationwidechildrens.org_clinical.TCGA-EJ-A8FS.xml	d25ef9ca9d1ca5bcf855f68749e0d698	32418	live
419e7e6d-d82d-4618-8a01-ae26e2f86801	nationwidechildrens.org_clinical.TCGA-HC-7078.xml	8e1991f1cc4b184abc249598f0d3cd9e	30156	live
c6851e9b-1a31-4a76-ae65-e30b6390892c	nationwidechildrens.org_clinical.TCGA-XJ-A9DI.xml	450412de00610d40a0d66fff0b11a398	52422	live
605a8638-4795-456f-b369-7ecb04c7a00c	nationwidechildrens.org_clinical.TCGA-QU-A6IN.xml	577f90186b340b14dd25fd27eaf088d0	30818	live
517437ea-a068-4fbc-ac3d-94deb375df5f	nationwidechildrens.org_clinical.TCGA-2A-A8W1.xml	c351c89a3d6f565f0333c1b3cc67aeea	30097	live
5a1aa593-3b8f-4384-bfba-f29e45929d68	nationwidechildrens.org_clinical.TCGA-EJ-7327.xml	d9591aa5f1a029273aa818a9fed50a63	30595	live
e27d7989-1598-4366-977e-4a0d2cf18222	nationwidechildrens.org_clinical.TCGA-KK-A8I5.xml	c4e7f9483adee485676fdb7cfddefe90	30474	live
23665f60-a2e7-45fd-a911-f62289e592c7	nationwidechildrens.org_clinical.TCGA-EJ-5502.xml	7ec715c84cf006e9012f98d1bc5d4c8c	38817	live
832bce91-6b33-4d84-9a98-29bf9e5d0fbb	nationwidechildrens.org_clinical.TCGA-EJ-A7NN.xml	91faaa322b439381ce97ca0cde86e8cb	32478	live
78af16fc-7a64-4fa5-b40b-380e86d3f89b	nationwidechildrens.org_clinical.TCGA-V1-A9ZG.xml	07ed75b7b7440ac5974cebd22e84d21d	32550	live
6b311818-cc3c-4d14-ad4b-5f1fdb81caa4	nationwidechildrens.org_clinical.TCGA-ZG-A9NI.xml	c40762de701c2d47c324a78773b8a65b	30886	live
dcac172e-9d6c-4225-bca4-71cfa884c327	nationwidechildrens.org_clinical.TCGA-EJ-7782.xml	bddcfae8b7099e2baa25f297a6d84706	38464	live
c367592c-8bc6-4f17-907f-e1d21e233df3	nationwidechildrens.org_clinical.TCGA-CH-5761.xml	9c113f8c86b4ada3e9be1506146e55b0	21915	live
a3e888ba-5660-4b1d-bfc8-ffc9896fabb7	nationwidechildrens.org_clinical.TCGA-EJ-A46B.xml	cd48a763368207f9c0a40e9fd8120bf5	30377	live
af27b901-da0a-499a-af44-b416199445fc	nationwidechildrens.org_clinical.TCGA-VN-A943.xml	e1fee91dc9c780426708ebe61bd6eb2f	30805	live
397cfc5b-8fd3-472c-9d82-9f87eb5d8f79	nationwidechildrens.org_clinical.TCGA-KK-A7AU.xml	0c88d02d5a483a1a7e7ccb09e3b1748c	55454	live
f2f64949-4c46-4a89-a59b-23c84c0ac64e	nationwidechildrens.org_clinical.TCGA-G9-6377.xml	2b08dcf32f495ea4a424e3d6987783c0	30532	live
5c9716d7-be16-4c7a-b5e8-d56cc707fa5d	nationwidechildrens.org_clinical.TCGA-EJ-A65F.xml	5fb3651d3922baa19f1396d68f41df78	37273	live
e075987a-474f-4993-86d9-611a63b1fa92	nationwidechildrens.org_clinical.TCGA-CH-5763.xml	ffb7ec1db33649033ddbeaa9b9b58848	30331	live
b193b915-1b39-446e-951e-705fd13d4df6	nationwidechildrens.org_clinical.TCGA-HC-A6HY.xml	4166a0c748b510fce9aefb729b4df9e1	21454	live
895da776-4254-4619-a27a-2cac09698ed9	nationwidechildrens.org_clinical.TCGA-G9-A9S7.xml	f0d2695cc0061f6c2dcfcacca49d8585	35409	live
76ae424b-57fb-4a72-a76a-52df0b01a4b5	nationwidechildrens.org_clinical.TCGA-CH-5740.xml	012cb687f57ca5ced3b1980ff16d4588	21756	live
72664aab-d619-49b1-ba23-0767e6edaa38	nationwidechildrens.org_clinical.TCGA-EJ-5503.xml	62eb477db023df262771ee901455b5fb	38879	live
24517f4c-269f-485a-9a65-8b3611f53063	nationwidechildrens.org_clinical.TCGA-VP-A87K.xml	2328b5dce5e3729f1f1bee013266da5f	38280	live
57140f45-c7c5-4095-810c-6d191f6ce878	nationwidechildrens.org_clinical.TCGA-EJ-A8FN.xml	e9738b904f552adc6a9291b60602813c	30057	live
ddfeafc5-b678-411d-a95a-6d4013d1ecd8	nationwidechildrens.org_clinical.TCGA-HC-A6AN.xml	ad0a9a21f11cd50fe53f84224337a807	21403	live
c0051723-6c56-4235-8647-8b88438dd236	nationwidechildrens.org_clinical.TCGA-ZG-A9LB.xml	57c59c61af994d1f33b2410f4971bb4b	30859	live
8fc033d1-4cf0-4b19-a8d6-873caf86af45	nationwidechildrens.org_clinical.TCGA-HC-8213.xml	3f28e20434f6a3891ea7eca452e944af	29613	live
f327d801-bdf2-4801-a0fb-0e6afa1c80ff	nationwidechildrens.org_clinical.TCGA-G9-6367.xml	147eb93cb8de8079e9496a5a6bab422a	30521	live
ce416069-9314-42a5-b755-35adb306faf1	nationwidechildrens.org_clinical.TCGA-KK-A5A1.xml	fb2d921939095e92ba05abac84572ff6	33087	live
d55977a7-8f6b-4890-bf31-251cb0ecb823	nationwidechildrens.org_clinical.TCGA-HC-8264.xml	19488d70875dcb65c9208f5b08daa745	21356	live
83e231da-9276-4b5c-8ded-aa308d14c201	nationwidechildrens.org_clinical.TCGA-XK-AAJP.xml	f6ca92ee1a0a80d5c8d01af89be680c6	30631	live
80c6aa03-2421-4917-9fb6-18e3494a6c2a	nationwidechildrens.org_clinical.TCGA-EJ-A65D.xml	a5c43f0d44acdac2ae6c9880d13b4b7c	30077	live
458e33c7-4172-4d83-8409-d1fd70fdff68	nationwidechildrens.org_clinical.TCGA-G9-6338.xml	2624aedbacaafe6f77027c16e518d950	38522	live
601d3a88-210d-4614-999b-133fabd9423b	nationwidechildrens.org_clinical.TCGA-KK-A8IC.xml	5781a51d1f127450cfc2b95c3131331b	49959	live
a577bd0c-6e75-42b7-98a6-e1c0e2babddf	nationwidechildrens.org_clinical.TCGA-HC-7075.xml	b7b6884cbefa31729e4da4e97e6b5f6a	29837	live
3118b47d-3d83-4a25-b05f-49e7a0241ab7	nationwidechildrens.org_clinical.TCGA-ZG-A9LY.xml	24a4d72997bd7c495c39eb691adb15a7	35616	live
27561ad2-b7fe-4d80-bac9-8d895ec08e6f	nationwidechildrens.org_clinical.TCGA-YL-A8SK.xml	fee4e0fdd7725c05282c5c3bf853b0cf	43554	live
34f09dc8-5fab-4b7a-a79a-df38da9a23b4	nationwidechildrens.org_clinical.TCGA-CH-5748.xml	5f06b86aa0767f19d7737a808d743f3d	21483	live
4e5eafc8-68db-425d-9543-410a0cc7ee53	nationwidechildrens.org_clinical.TCGA-KC-A7F5.xml	edeefcb0f0c7ce4ef32cc84176603666	22619	live
6787b05d-2b14-49d5-a9c3-5f81f8b04341	nationwidechildrens.org_clinical.TCGA-EJ-A65G.xml	fffd7353770a2646c9a27195ee8ee689	30069	live
8949e887-d380-4696-b257-a179d6b3f1fb	nationwidechildrens.org_clinical.TCGA-G9-6333.xml	22a7e9810a3aeb8d738eb2c2764fddb4	38808	live
76bac24c-6855-443e-be57-6cfcdbe6938b	nationwidechildrens.org_clinical.TCGA-CH-5737.xml	1d474a0ac72507a1541b13a71a6f1826	21925	live
6c6d1a1a-385b-4bca-8261-4033a9808cb5	nationwidechildrens.org_clinical.TCGA-CH-5751.xml	f1f4d4cc4094a07bba7511b149b07d56	48134	live
b4ac00aa-e0d2-443f-b00e-589a44c342a3	nationwidechildrens.org_clinical.TCGA-YJ-A8SW.xml	7100021ca28189cbf7ce78c943b11930	21431	live
7324277b-bce7-44e4-87fd-e6dbf4455e43	nationwidechildrens.org_clinical.TCGA-KK-A7B1.xml	1634e9a12092e5a8764412e9344010ec	30513	live
b78fcec1-42f3-4735-85d1-4319626661be	nationwidechildrens.org_clinical.TCGA-KK-A8II.xml	71a8d3ee574c86b61ba8b5ead626822e	67717	live
077954c1-1f29-4981-acae-60b9ef6b5535	nationwidechildrens.org_clinical.TCGA-G9-7519.xml	74b37ea228e29cf15cfbcfd2d12a2d34	30516	live
b77344df-aef0-49b4-a9fe-cd0e8610561f	nationwidechildrens.org_clinical.TCGA-KK-A6E2.xml	203e4aaf40d0aab7d03c684c8f41e1a0	30449	live
8903b1b5-bac8-4e3d-8794-be684499e055	nationwidechildrens.org_clinical.TCGA-CH-5768.xml	03ffb4e424a0c93bf846366d95a38d27	30374	live
fb196526-f918-4db2-b4a7-437ea80c18e6	nationwidechildrens.org_clinical.TCGA-VN-A88N.xml	edc5fe64521293ff6935a03cd4dc75ad	39184	live
